Website,Status,Contact,Apache,PHP,WooCommerce,WordPress,Windows Server,IIS,Microsoft ASP NET,Shopify,jQuery Mobile,Font Awesome,Google AdSense
http://www.Y-Y-Camera.Com,avaliable,"['abuse@gmo.jp', 'proxy@whoisprotectservice.com']",Yes,No,No,No,No,No,No,No,No,No,No
http://www.Y101010.Com,avaliable,"['abuse@bizcn.com', '534406517@qq.com']",Yes,Yes,No,No,Yes,No,No,No,No,No,No
http://www.Y1188.Net,avaliable,"['abuse-contact@publicdomainregistry.com', '1840330139@qq.com']",Yes,No,No,No,No,No,No,No,No,No,No
http://www.Y127.Net,avaliable,"['abuse-contact@publicdomainregistry.com', '1840330139@qq.com']",Yes,No,No,No,No,No,No,No,No,No,No
http://www.Y129.Net,avaliable,abuse-contact@publicdomainregistry.com,Yes,No,No,No,No,No,No,No,No,No,No
http://www.Y2Knails.Com,avaliable,"['abuse@NameBright.com', 'domains@hugedomains.com']",No,No,No,No,Yes,Yes,No,No,No,No,No
http://www.Y5Se4Gkt.Com,avaliable,"['abuse@1and1.com', 'religionco@hotmail.com', 'hostmaster@1and1.com']",No,No,No,No,No,No,No,No,No,No,No
http://www.Y5Te.Store,avaliable,Nothing,No,No,No,No,Yes,Yes,No,No,No,No,No
http://www.Y61188.Com,avaliable,"['abuse-contact@publicdomainregistry.com', '1840330139@qq.com']",Yes,No,No,No,No,No,No,No,No,No,No
http://www.Y61188.Net,avaliable,"['abuse-contact@publicdomainregistry.com', '1840330139@qq.com']",Yes,No,No,No,No,No,No,No,No,No,No
http://www.Y61588.Com,avaliable,"['abuse-contact@publicdomainregistry.com', '1840330139@qq.com']",Yes,No,No,No,No,No,No,No,No,No,No
http://www.Y61588.Net,avaliable,"['abuse-contact@publicdomainregistry.com', '1840330139@qq.com']",Yes,No,No,No,No,No,No,No,No,No,No
http://www.Y61688.Com,avaliable,"['abuse-contact@publicdomainregistry.com', '1840330139@qq.com']",Yes,No,No,No,No,No,No,No,No,No,No
http://www.Y61688.Net,avaliable,"['abuse-contact@publicdomainregistry.com', '1840330139@qq.com']",Yes,No,No,No,No,No,No,No,No,No,No
http://www.Y6Hbagka.Com,avaliable,"['abuse@1and1.com', 'leapfrogwc@hotmail.com', 'hostmaster@1and1.com']",No,No,No,No,No,No,No,No,No,No,No
http://www.Y808080.Com,avaliable,"['abuse@bizcn.com', '534406517@qq.com']",Yes,Yes,No,No,Yes,No,No,No,No,No,No
http://www.Y80811.Com,avaliable,"['DomainAbuse@service.aliyun.com', 'YuMing@YinSiBaoHu.AliYun.com']",No,Yes,No,No,Yes,Yes,No,No,No,Yes,No
http://www.Y909090.Com,avaliable,"['abuse@bizcn.com', '534406517@qq.com']",Yes,Yes,No,No,Yes,No,No,No,No,No,No
http://www.Y95515.Com,avaliable,"['DomainAbuse@service.aliyun.com', 'YuMing@YinSiBaoHu.AliYun.com']",No,Yes,No,No,Yes,Yes,No,No,No,Yes,No
http://www.Y95519.Com,avaliable,"['DomainAbuse@service.aliyun.com', 'YuMing@YinSiBaoHu.AliYun.com']",No,Yes,No,No,Yes,Yes,No,No,No,Yes,No
http://www.Yaabbs.Com,avaliable,"['abuso@akky.mx', 'abuse@akky.mx', 'dgayosso@dix.mx', 'rsuarez@cybermac.com.mx', 'ayuda@akky.mx']",No,No,No,No,No,No,No,No,No,No,No
http://www.Yaaribus.Com,avaliable,"['abuse-contact@publicdomainregistry.com', 'contact@privacyprotect.org']",Yes,No,No,No,No,No,No,No,No,No,No
http://www.Yaaribus.Net,avaliable,"['abuse-contact@publicdomainregistry.com', 'contact@privacyprotect.org']",Yes,No,No,No,No,No,No,No,No,No,No
http://www.Yaariclean.Com,avaliable,"['abuse-contact@publicdomainregistry.com', 'contact@privacyprotect.org']",Yes,No,No,No,No,No,No,No,No,No,No
http://www.Yaariclean.Net,avaliable,"['abuse-contact@publicdomainregistry.com', 'contact@privacyprotect.org']",Yes,No,No,No,No,No,No,No,No,No,No
http://www.Yaariwash.Com,avaliable,"['abuse-contact@publicdomainregistry.com', 'contact@privacyprotect.org']",Yes,No,No,No,No,No,No,No,No,No,No
http://www.Yaariwash.Net,avaliable,"['abuse-contact@publicdomainregistry.com', 'contact@privacyprotect.org']",Yes,No,No,No,No,No,No,No,No,No,No
http://www.Yabosea.Com,avaliable,"['legal@tucows.com', 'riders-cafe@t-online.de', 'support@checkdomain.de']",No,No,No,No,No,No,No,No,No,No,No
http://www.Yabosea.International,avaliable,"['domainabuse@tucows.com', 'riders-cafe@t-online.de', 'support@checkdomain.de']",No,No,No,No,No,No,No,No,No,No,No
http://www.Yabosea.Net,avaliable,"['legal@tucows.com', 'riders-cafe@t-online.de', 'support@checkdomain.de']",No,No,No,No,No,No,No,No,No,No,No
http://www.Yabuliyundinghotel.Com,avaliable,"['abuse@NameBright.com', '79376898@qq.com']",No,Yes,No,No,No,No,No,No,No,No,No
http://www.Yachtboatscroatia.Com,avaliable,"['abuse@namecheap.com', 'ce8a7678fee742f2b4b2e2c4e184d3ca.protect@whoisguard.com']",No,No,No,No,No,No,No,No,No,No,No
http://www.Yachtoceantribe.Com,avaliable,Nothing,No,No,No,No,No,No,No,No,No,No,No
http://www.Yachtsbarbara.Com,avaliable,"['compliance@domain-inc.net', 'vintagecollactivelondon@gmail.com', 'support@ipage-inc.com']",Yes,No,No,No,No,No,No,No,No,No,No
http://www.Yachtsmanhotel.Net,avaliable,"['abuse@web.com', 'rachel@krcmaine.com', 'domainregistrar@register.com']",Yes,No,No,No,No,No,No,No,No,No,No
http://www.Yachtsmanhotelkennebunkport.Com,avaliable,"['abuse@web.com', 'rachel@krcmaine.com', 'domainregistrar@register.com']",Yes,No,No,No,No,No,No,No,No,No,No
http://www.Yachtsmanhotelmaine.Com,avaliable,"['abuse@web.com', '4cc4ac970a28fd0a1947b82c2d7d8063@domaindiscreet.com', '4cc4ac960a28fd0a7a94355744aabae6@domaindiscreet.com', '4cc4ac980a28fd0a338c5dabde4cebee@domaindiscreet.com']",Yes,No,No,No,No,No,No,No,No,No,No
http://www.Yachtsmanhotelmarina.Com,avaliable,"['abuse@web.com', 'rachel@krcmaine.com', 'domainregistrar@register.com']",Yes,No,No,No,No,No,No,No,No,No,No
http://www.Yachtsmanhotelmarinaclub.Com,avaliable,"['abuse@web.com', 'rachel@krcmaine.com', 'domainregistrar@register.com']",Yes,No,No,No,No,No,No,No,No,No,No
http://www.Yacuntye.Com,avaliable,"['support@domainbox.com', 'yacuntye.com@identity-protect.org']",No,No,No,No,No,No,No,No,No,No,No
http://www.Yadleyproducts.Com,avaliable,"['abuse@namecheap.com', '0540d0f194af488d9f81d767fbaf44a2.protect@whoisguard.com']",No,No,No,No,No,No,No,No,No,No,No
http://www.Yadnegar-Co.Com,avaliable,Nothing,Yes,No,No,No,No,No,No,No,No,No,No
http://www.Yadomhomdee.Com,avaliable,"['CHAIYUT.JAN@TOMATO-IDEAS.COM', 'abuse@enom.com']",No,Yes,No,No,No,No,No,No,No,No,No
http://www.Yadp-Germany.Com,avaliable,"['abuse@1and1.com', 'liuyue0519@gmail.com', 'hostmaster@1und1.de']",Yes,No,No,No,No,No,No,No,No,No,No
http://www.Yaelfisioterapia.Com,avaliable,"['abuse@web.com', 'yael.lc94@gmail.com']",Yes,No,No,No,No,No,No,No,No,No,No
http://www.Yafdupman.Com,avaliable,"['abuse@NameBright.com', 'domains@hugedomains.com']",No,No,No,No,Yes,Yes,No,No,No,No,No
http://www.Yafei1688.Com,avaliable,"['DomainAbuse@service.aliyun.com', 'YuMing@YinSiBaoHu.AliYun.com']",No,Yes,No,No,Yes,Yes,No,No,No,No,No
http://www.Yafuza.Com,avaliable,"['abuse@namecheap.com', '1ae260f0499045b69e79617d3bd9b01f.protect@whoisguard.com']",No,No,No,No,No,No,No,Yes,No,No,No
http://www.Yagmaksanacademy.Com,avaliable,abuse@reg2c.com,Yes,Yes,No,No,No,No,No,No,No,No,No
http://www.Yagmaksanakademi.Com,avaliable,abuse@reg2c.com,Yes,Yes,No,No,No,No,No,No,No,No,No
http://www.Yagmaksanhaber.Com,avaliable,abuse@reg2c.com,Yes,Yes,No,No,No,No,No,No,No,No,No
http://www.Yagmaksannews.Com,avaliable,abuse@reg2c.com,Yes,Yes,No,No,No,No,No,No,No,No,No
http://www.Yagmurambalajmatbaa.Com,avaliable,abuse@domaintime.biz,No,No,No,No,No,No,No,No,No,No,No
http://www.Yahaolvye.Com,avaliable,"['abuse@bizcn.com', '281201003@qq.com']",No,Yes,No,No,No,No,No,No,No,No,No
http://www.Yahoobingo.Net,avaliable,"['abuse@gmo.jp', 'proxy@whoisprotectservice.com']",Yes,Yes,No,No,No,No,No,No,No,No,No
http://www.Yahoomailsignup.Org,avaliable,"['abuse@godaddy.com', 'yahoomailsignup.org@domainsbyproxy.com']",Yes,Yes,No,Yes,No,No,No,No,No,No,No
http://www.Yakiin510.Com,avaliable,"['abuse@gmo.jp', 'proxy@whoisprotectservice.com']",Yes,Yes,No,Yes,No,No,No,No,No,No,No
http://www.Yakinikuhien.Com,avaliable,"['abuse@gmo.jp', 'alice@alice-ds.com']",Yes,No,No,No,No,No,No,No,No,No,No
http://www.Yakitori-Chikichiki.Com,avaliable,"['abuse@gmo.jp', 'numaken@panolabollc.com']",Yes,No,No,No,No,No,No,No,No,No,No
http://www.Yakka.Tech,avaliable,"['ntmidcap@gmail.com', 'abuse@godaddy.com']",No,No,No,No,Yes,Yes,No,No,No,No,No
http://www.Yakubaros.Info,avaliable,"['abuse@reg.ru', 'pupiva@mail.ru']",No,No,No,No,No,No,No,No,No,No,No
http://www.Yakup-Aslan.Com,avaliable,abuse@godaddy.com,No,Yes,No,No,No,No,No,No,No,No,No
http://www.Yakupminazdifference.Com,avaliable,"['abuse@namesilo.com', 'pw-84326651c8f2e801c3158c91bb23ab82@privacyguardian.org']",No,Yes,No,No,No,No,No,No,No,No,No
http://www.Yakuzaishi-Tenshoku.Site,avaliable,Nothing,Yes,Yes,No,No,No,No,No,No,No,No,No
http://www.Yalalearn.Com,avaliable,"['abuse@bluehost.com', 'ABDELAZIZ2020@GMAIL.COM', 'WHOIS@BLUEHOST.COM']",No,Yes,No,No,No,No,No,No,No,No,No
http://www.Yalanchuangdian.Com,avaliable,"['compliance@domain-inc.net', 'leffelvdstuli@hotmail.com', 'domainmanager@maileig.com']",No,No,No,No,Yes,Yes,No,No,No,No,No
http://www.Yalcinkayaevyap.Com,avaliable,abuse@domaintime.biz,No,No,No,No,Yes,Yes,No,No,No,No,No
http://www.Yalcintekinet.Com,avaliable,abuse@domaintime.biz,Yes,Yes,No,Yes,No,No,No,No,No,No,No
http://www.Yalikavaktasatilikyazliklar.Com,avaliable,Nothing,Yes,Yes,No,No,No,No,No,No,No,No,No
http://www.Yama.Consulting,avaliable,"['registrar@automattic.com', 'yama.consulting@privatewho.is', 'domainabuse@automattic.com', 'help@wordpress.com']",No,Yes,No,Yes,No,No,No,No,No,No,No
http://www.Yamahann.Com,avaliable,"['abuse@gmo.jp', 'privacy@whoisprivacyprotection.info']",Yes,Yes,No,No,No,No,No,No,No,No,No
http://www.Yamamoto-Socks.Com,avaliable,"['abuse@gmo.jp', 'privacy@whoisprivacyprotection.info']",No,No,No,No,No,No,No,No,No,No,No
http://www.Yamatogamelab.Net,avaliable,"['registrar-abuse@netowl.jp', 'info@xserver.co.jp']",No,No,No,No,No,No,No,No,No,No,Yes
http://www.Yamayamadoll.Com,avaliable,Nothing,Yes,Yes,No,Yes,No,No,No,No,No,No,No
http://www.Yamayou-Yoroi.Com,avaliable,registrar-abuse@netowl.jp,No,Yes,No,Yes,No,No,No,No,No,Yes,No
http://www.Yamconstrucciones.Com,avaliable,"['abuse@ovh.net', 'yamlop77@gmail.com', 'webpro@habitissimo.com']",No,No,No,No,No,No,No,No,No,No,No
http://www.Yameogoglobal.Com,avaliable,"['AYAMBF@GMAIL.COM', 'ERIK@BWWTOOLS.COM', 'abuse@enom.com']",No,No,No,No,Yes,Yes,No,No,No,No,No
http://www.Yamniyuta.Com,avaliable,"['abuse@name.com', 'chaivoot@gmail.com']",Yes,Yes,No,Yes,No,No,No,No,No,No,No
http://www.Yamsmusicapp.Com,avaliable,Nothing,No,No,No,No,No,No,No,Yes,No,No,No
http://www.Yananhsjy.Com,avaliable,westabuse@gmail.com,No,Yes,No,No,Yes,Yes,No,No,No,No,No
http://www.Yanaseeb.Online,avaliable,Nothing,Yes,No,No,No,No,No,No,No,No,No,No
http://www.Yandex-Dispetcher.Com,avaliable,"['abuse@internet.bs', 'raisa.gagaga@yandex.com']",No,No,No,No,No,No,No,No,No,No,No
http://www.Yandiyatechnologies.Co.Uk,avaliable,Nothing,No,No,No,No,Yes,Yes,No,No,No,No,No
http://www.Yangbixian.Com,avaliable,"['abuse@NameBright.com', 'baoma123654@gmail.com']",No,No,No,No,Yes,Yes,No,No,No,No,No
http://www.Yangheesong.Org,avaliable,bluelog@bluelog.com,No,Yes,No,Yes,No,No,No,No,No,Yes,No
http://www.Yangjang.Net,avaliable,"['abuse@yesnic.com', 'fayray11@naver.com']",Yes,Yes,No,No,No,No,No,No,No,No,No
http://www.Yangtuedu.Com,avaliable,"['abuse@bizcn.com', '475413960@qq.com']",No,No,No,No,Yes,Yes,No,No,No,No,No
http://www.Yangzhenyulawyer.Com,avaliable,"['DomainAbuse@service.aliyun.com', 'YuMing@YinSiBaoHu.AliYun.com']",No,No,No,No,Yes,Yes,No,No,No,No,No
http://www.Yaniklartadilat.Com,avaliable,abuse-contact@publicdomainregistry.com,Yes,Yes,No,Yes,No,No,No,No,No,Yes,No
http://www.Yanmenchun.Net,avaliable,westabuse@gmail.com,No,No,No,No,Yes,Yes,No,No,No,No,No
http://www.Yanmenchunjiu.Com,avaliable,westabuse@gmail.com,No,No,No,No,Yes,Yes,No,No,No,No,No
http://www.Yannaolio.Com,avaliable,abuse@web.com,No,No,No,No,No,No,No,No,No,No,No
http://www.Yannickbouillis.Com,avaliable,"['abuse@namecheap.com', '824e908481064c3d8fb644e322b7a2dc.protect@whoisguard.com']",Yes,No,No,No,No,No,No,No,No,No,No
http://www.Yansnaturals.Com,avaliable,Nothing,No,Yes,No,Yes,No,No,No,No,No,No,No
http://www.Yantaishi.Net,avaliable,"['abuse@NameBright.com', '3390817727@qq.com']",No,Yes,No,No,Yes,Yes,No,No,No,No,No
http://www.Yanziinternational.Com,avaliable,"['abuse@ascio.com', 'joleen0908@hotmail.com', 'domains@simplesite.com']",No,No,No,No,Yes,Yes,No,No,No,No,No
http://www.Yaogoto.Com,avaliable,abuse@hkdns.hk,Yes,No,No,No,No,No,No,No,No,No,No
http://www.Yaojizh.Com,avaliable,"['abuse@web.com', 'fjuyuoiu@163.com']",No,Yes,No,No,No,No,No,No,No,No,No
http://www.Yaoqian88.Com,avaliable,"['supervision@xinnet.com', 'austliao123456@gmail.com']",No,Yes,No,No,No,No,No,No,No,No,No
http://www.Yaoshuaibo.Com,avaliable,DomainAbuse@service.aliyun.com,No,No,No,No,No,No,No,No,No,No,No
http://www.Yaowangkeji.Com,avaliable,Nothing,No,No,No,No,Yes,Yes,No,No,No,No,No
http://www.Yaoxoxo.Com,avaliable,westabuse@gmail.com,Yes,No,No,No,No,No,No,No,No,No,No
http://www.Yaoxxoo.Com,avaliable,westabuse@gmail.com,Yes,No,No,No,No,No,No,No,No,No,No
http://www.Yaozhangge.Com,avaliable,abuse@hkdns.hk,No,No,No,No,Yes,Yes,No,No,No,No,No
http://www.Yap-Ipb.Org,avaliable,"['abuse-contact@publicdomainregistry.com', 'contact@privacyprotect.org']",Yes,Yes,No,Yes,No,No,No,No,No,Yes,No
http://www.Yapanyapi.Com,avaliable,abuse@domaintime.biz,Yes,Yes,No,Yes,No,No,No,No,No,Yes,No
http://www.Yapayzekamerkezi.Com,avaliable,abuse@godaddy.com,No,Yes,No,No,No,No,No,No,No,No,No
http://www.Yaplanchoyo.Com,avaliable,"['abuse@namecheap.com', '12ff9bd27b3d4c30a85039cc0385f259.protect@whoisguard.com']",Yes,Yes,No,Yes,No,No,No,No,No,No,No
http://www.Yapodelam.Com,avaliable,abuse-contact@publicdomainregistry.com,No,No,No,No,No,No,No,No,No,Yes,No
http://www.Yardeninvestments.Com,avaliable,Nothing,No,No,No,No,No,No,No,No,No,No,No
http://www.Yardost.Com,avaliable,"['registrar-abuse@google.com', 'fjwshs92shd4@contactprivacy.email']",No,No,No,No,No,No,No,No,No,No,No
http://www.Yarenozcatal.Com,avaliable,abuse-contact@publicdomainregistry.com,No,No,No,No,No,No,No,No,No,No,No
http://www.Yarinmance.Com,avaliable,abuse@domaintime.biz,No,Yes,No,Yes,No,No,No,No,No,No,No
http://www.Yarketab.Com,avaliable,Nothing,No,No,No,No,No,No,No,No,No,Yes,No
http://www.Yarnybookkeeper.Com,avaliable,"['abuse@namecheap.com', '3858fa986269401b95cd4955d65c9ecd.protect@whoisguard.com']",Yes,Yes,No,Yes,No,No,No,No,No,Yes,No
http://www.Yas91N.Com,avaliable,abuse-contact@publicdomainregistry.com,No,No,No,No,No,No,No,No,No,No,No
http://www.Yasain.Com,avaliable,abuse-contact@publicdomainregistry.com,No,No,No,No,No,No,No,No,No,No,No
http://www.Yasashii-Ma.Com,avaliable,"['abuse@gmo.jp', 'proxy@whoisprotectservice.com']",Yes,Yes,No,No,No,No,No,No,No,No,No
http://www.Yasashii-Na.Com,avaliable,"['abuse@gmo.jp', 'proxy@whoisprotectservice.com']",Yes,Yes,No,No,No,No,No,No,No,No,No
http://www.Yasashii-Wa.Com,avaliable,"['abuse@gmo.jp', 'proxy@whoisprotectservice.com']",Yes,Yes,No,No,No,No,No,No,No,No,No
http://www.Yasdom.Com,avaliable,"['supervision@xinnet.com', 'markkubanyx@163.com']",No,Yes,No,No,Yes,Yes,No,No,No,No,No
http://www.Yasenya.Gifts,avaliable,Nothing,No,Yes,No,No,No,No,No,No,No,No,No
http://www.Yashengart.Com,avaliable,"['supervision@xinnet.com', 'hfg2220171@gmail.com']",No,No,No,No,No,No,No,No,No,No,No
http://www.Yashindustry.Com,avaliable,"['abuse@NameBright.com', 'domains@hugedomains.com']",No,No,No,No,Yes,Yes,No,No,No,No,No
http://www.Yashmjewelery.Com,avaliable,"['abuse@joker.com', 'farbodhashemi@gmail.com']",Yes,No,No,No,No,No,No,No,No,No,No
http://www.Yashodaservices.Com,avaliable,abuse-contact@publicdomainregistry.com,Yes,Yes,No,No,No,No,No,No,No,Yes,No
http://www.Yashwantinstitute.Com,avaliable,"['abuse@NameBright.com', 'yashwantinstitute.com@NameBrightPrivacy.com']",No,No,No,No,No,No,No,No,No,No,No
http://www.Yasirmirza.Info,avaliable,"['abuse@wildwestdomains.com', 'yasirmirza1144@gmail.com']",No,No,No,No,No,No,No,No,No,No,No
http://www.Yaskofujii.Com,avaliable,"['abuse@NameBright.com', 'domains@hugedomains.com']",No,No,No,No,Yes,Yes,No,No,No,No,No
http://www.Yaslipornoizle.Com,avaliable,"['abuse@NameBright.com', 'domains@hugedomains.com']",No,No,No,No,Yes,Yes,No,No,No,No,No
http://www.Yasuikissyou.Com,avaliable,abuse@web.com,No,No,No,No,No,No,No,No,No,No,No
http://www.Yaszmine.Com,avaliable,"['domainabuse@automattic.com', 'yaszmine.com@privatewho.is', 'help@wordpress.com']",No,Yes,No,Yes,No,No,No,No,No,No,No
http://www.Yatirium.Info,avaliable,"['abuse@godaddy.com', 'burakkavlak@gmail.com']",No,No,No,No,Yes,Yes,No,No,No,No,No
http://www.Yatirium.Org,avaliable,"['abuse@godaddy.com', 'burakkavlak@gmail.com']",No,No,No,No,Yes,Yes,No,No,No,No,No
http://www.Yatonga.Com,avaliable,abuse@hkdns.hk,No,No,No,No,No,No,No,No,No,No,No
http://www.Yatoyenodop.Com,avaliable,"['abuse@1and1.com', 'kendalyreaak@mail.ru', 'hostmaster@1and1.com']",Yes,Yes,No,No,No,No,No,No,No,Yes,No
http://www.Yatranep.Com,avaliable,abuse-contact@publicdomainregistry.com,Yes,Yes,No,Yes,No,No,No,No,No,No,Yes
http://www.Yavuzcanozkan.Info,avaliable,"['abuse@godaddy.com', 'yavuzcanozkan@hotmail.com']",No,No,No,No,Yes,Yes,No,No,No,No,No
http://www.Yaxbtsg.Download,avaliable,Nothing,No,No,No,No,Yes,Yes,No,No,No,No,No
http://www.Yayasan-Almubarok.Com,avaliable,abuse-contact@publicdomainregistry.com,Yes,Yes,No,No,No,No,No,No,No,No,No
http://www.Yayatourefan.Com,avaliable,"['supervision@xinnet.com', 'wangseo147258@gmail.com']",No,Yes,No,No,No,No,No,No,No,No,No
http://www.Yaystylish.Com,avaliable,Nothing,No,No,No,No,No,No,No,Yes,No,No,No
http://www.Yaytodaydesigns.Com,avaliable,"['domainabuse@automattic.com', 'yaytodaydesigns.com@privatewho.is', 'help@wordpress.com']",No,Yes,No,Yes,No,No,No,No,No,No,No
http://www.Yazinsaati.Com,avaliable,registrar_abuse@aerotek.com.tr,No,No,No,No,No,No,No,No,No,Yes,No
http://www.Yazonhawa.Com,avaliable,"['abuse@name.com', 'yazonhawa.com@protecteddomainservices.com']",No,No,No,No,No,No,No,No,No,Yes,No
http://www.Yb-Dev.Com,avaliable,"['BJ54BPG3KPEJBHN@PROXY.DREAMHOST.COM', 'domain-abuse@dreamhost.com']",Yes,No,No,No,No,No,No,No,No,No,No
http://www.Ybejea.Download,avaliable,Nothing,No,No,No,No,Yes,Yes,No,No,No,No,No
http://www.Ybjbltko.Com,avaliable,"['abuse@namecheap.com', 'botsmustdie@gmail.com']",No,No,No,No,No,No,No,No,No,No,No
http://www.Ybjfcjtvf.Download,avaliable,Nothing,No,No,No,No,Yes,Yes,No,No,No,No,No
http://www.Ybz119.Com,avaliable,"['abuse@onlinenic.com', 'onlinenic-enduser@onlinenic.com', '1324986820@qq.com']",No,No,No,No,Yes,Yes,No,No,No,No,No
http://www.Yc0Bn.Com,avaliable,"['abuse@onlinenic.com', 'onlinenic-enduser@onlinenic.com', 'love70837393@hxmail.com']",No,No,No,No,Yes,Yes,No,No,No,No,No
http://www.Yc51Job.Com,avaliable,"['supervision@xinnet.com', '3422926751@qq.com']",No,Yes,No,No,No,No,No,No,No,No,No
http://www.Ycdsk.Info,avaliable,"['abuse@namecheap.com', 'fbd3334db302449c94b5a905951b2d61.protect@whoisguard.com']",No,No,No,No,No,No,No,No,No,No,No
http://www.Ycdwkfkxf.Com,avaliable,"['supervision@xinnet.com', 'rossma@aliyun.com']",No,No,No,No,No,No,No,No,No,No,No
http://www.Yceczi2Vzpsf.Tech,avaliable,"['tenzanchuka_izu110@yahoo.co.jp', 'abuse@gmo.jp']",Yes,Yes,No,No,No,No,No,No,No,No,No
http://www.Ycfu.Store,avaliable,Nothing,No,No,No,No,No,No,No,Yes,No,No,No
http://www.Ycjdqk.Com,avaliable,"['supervision@xinnet.com', 'krebecarego@yahoo.com']",No,Yes,No,No,No,No,No,No,No,No,No
http://www.Ycjea.Com,avaliable,"['supervision@xinnet.com', '2511720879@qq.com']",No,Yes,No,No,No,No,No,No,No,No,No
http://www.Ycjierui.Com,avaliable,"['abuse@NameBright.com', 'bobao88888@gmail.com']",No,Yes,No,No,No,No,No,No,No,No,No
http://www.Ycjjfs.Com,avaliable,"['abuse@NameBright.com', '2394027457@qq.com']",No,Yes,No,No,No,No,No,No,No,No,No
http://www.Ycjldb.Com,avaliable,"['DomainAbuse@service.aliyun.com', 'YuMing@YinSiBaoHu.AliYun.com']",No,No,No,No,Yes,Yes,No,No,No,No,No
http://www.Ycmeilian.Com,avaliable,"['abuse@web.com', '1562700992tw@gmail.com']",No,No,No,No,No,No,No,No,No,No,No
http://www.Ycmrgurya.Click,avaliable,Nothing,Yes,Yes,No,No,No,No,No,No,No,No,No
http://www.Ycommunication.Net,avaliable,"['fabjames@naver.com', 'abuse@gabia.com']",No,No,No,No,No,No,No,No,No,No,No
http://www.Ycreators.Com,avaliable,"['abuse@key-systems.net', 'christina.a.schriver@gmail.com', 'hostmaster@unoeuro.com']",Yes,No,No,No,No,No,No,No,No,No,No
http://www.Ycvcsphpyced.Online,avaliable,Nothing,No,No,No,No,No,No,No,No,No,No,No
http://www.Ycvcsphpyced.Tech,avaliable,"['botsmustdie@gmail.com', 'abuse@namecheap.com']",No,No,No,No,No,No,No,No,No,No,No
http://www.Ycyymm.Com,avaliable,"['abuse@bizcn.com', '1378943784@qq.com']",Yes,Yes,No,No,Yes,No,No,No,No,No,No
http://www.Yd3657.Com,avaliable,abuse@godaddy.com,Yes,No,No,No,No,No,No,No,No,No,No
http://www.Ydasoft.Com,avaliable,"['abuse@bizcn.com', 'whoisprivacyprotect@whoisservices.cn']",No,No,No,No,Yes,Yes,No,No,No,No,No
http://www.Ydconnexion.Com,avaliable,Nothing,Yes,No,No,No,No,No,No,No,No,No,No
http://www.Yddanceculture.Com,avaliable,"['abuse@NameBright.com', 'bobao88888@gmail.com']",No,Yes,No,No,No,No,No,No,No,No,No
http://www.Yddz1314.Com,avaliable,"['abuse@1api.net', '77732100@qq.com']",No,No,No,No,Yes,Yes,No,No,No,No,No
http://www.Yddz520.Com,avaliable,"['abuse@1api.net', '77732100@qq.com']",No,No,No,No,No,No,No,No,No,Yes,No
http://www.Ydingbx.Com,avaliable,"['raphu@5778.com', 'public@topvhost.com', 'a15915358915@sina.com']",No,Yes,No,No,Yes,Yes,No,No,No,No,No
http://www.Ydlzkj.Com,avaliable,"['supervision@xinnet.com', 'whoisprotect@dnspod.com']",No,Yes,No,No,No,No,No,No,No,No,No
http://www.Ydo-Japan.Com,avaliable,"['abuse@gmo.jp', 'kaname@s.email.ne.jp']",Yes,Yes,No,No,No,No,No,No,No,No,No
http://www.Ydspsjz.Com,avaliable,"['DomainAbuse@service.aliyun.com', 'YuMing@YinSiBaoHu.AliYun.com']",No,No,No,No,Yes,Yes,No,No,No,No,No
http://www.Ydwxhi.Com,avaliable,"['supervision@xinnet.com', '36244991@qq.com']",No,No,No,No,No,No,No,No,No,No,No
http://www.Yeabrics.Org,avaliable,"['abuse@reg.ru', 'yeabrics.org@regprivate.ru', 'YEABRICS.ORG@regprivate.ru']",No,Yes,No,Yes,No,No,No,No,No,No,No
http://www.Yeacard.Com,avaliable,"['abuse@hosting.kr', 'help@hosting.kr', 'kingdoss@naver.com']",Yes,Yes,No,Yes,No,No,No,No,No,No,Yes
http://www.Yearylawncare.Info,avaliable,"['abuse@godaddy.com', 'icandeewear@gmail.com']",No,No,No,No,Yes,Yes,No,No,No,No,No
http://www.Yebaoksl.Com,avaliable,"['supervision@xinnet.com', 'wangbing@yisainuo.com']",No,No,No,No,No,No,No,No,No,No,No
http://www.Yeboya.Com,avaliable,"['DomainAbuse@service.aliyun.com', 'YuMing@YinSiBaoHu.AliYun.com']",No,No,No,No,No,No,No,No,No,No,No
http://www.Yecane.Com,avaliable,"['DomainAbuse@service.aliyun.com', 'YuMing@YinSiBaoHu.AliYun.com']",Yes,Yes,No,No,Yes,No,No,No,No,No,No
http://www.Yecareer.Com,avaliable,abuse-contact@publicdomainregistry.com,Yes,No,No,No,No,No,No,No,No,No,No
http://www.Yechaoktv.Com,avaliable,"['supervision@xinnet.com', 'ashi@ixuwen.com']",No,Yes,No,No,No,No,No,No,No,No,No
http://www.Yeculture.Com,avaliable,abuse@web.com,No,No,No,No,No,No,No,No,No,No,No
http://www.Yedaundental.Com,avaliable,"['Abuse@ksidc.net', 'xotjr0603@naver.com']",Yes,Yes,No,No,No,No,No,No,No,No,No
http://www.Yedekparcasincan.Com,avaliable,abuse@domaintime.biz,No,No,No,No,Yes,Yes,No,No,No,No,No
http://www.Yedhu.Com,avaliable,"['abuse@NameBright.com', 'domains@hugedomains.com']",No,No,No,No,Yes,Yes,No,No,No,No,No
http://www.Yedimgitti.Net,avaliable,Nothing,Yes,Yes,No,Yes,No,No,No,No,No,Yes,No
http://www.Yeditepegyo.Com,avaliable,Nothing,Yes,Yes,No,No,No,No,No,No,No,No,No
http://www.Yeea.Online,avaliable,Nothing,No,No,No,No,Yes,Yes,No,No,No,No,No
http://www.Yeess.Org,avaliable,"['abuse@dotroll.com', 'andrew.forcesmith@gmail.com']",Yes,No,No,No,No,No,No,No,No,No,No
http://www.Yefehosakadam.Com,avaliable,"['abuse@1and1.com', 'kendalyreaak@mail.ru', 'hostmaster@1and1.com']",Yes,Yes,No,No,No,No,No,No,No,Yes,No
http://www.Yeganehara.Com,avaliable,"['abuse@joker.com', 'mr.dakhilian@gmail.com']",Yes,No,No,No,No,No,No,No,No,No,No
http://www.Yegarena.Com,avaliable,"['abuse@bizcn.com', '1927571742@qq.com']",No,Yes,No,No,No,No,No,No,No,Yes,No
http://www.Yegoodreflectives.Com,avaliable,DomainAbuse@service.aliyun.com,No,Yes,No,No,No,No,No,No,No,No,No
http://www.Yegrinch.Com,avaliable,"['reportabuse@ibi.net', 'azanko@daum.net']",Yes,Yes,No,No,No,No,No,No,No,No,No
http://www.Yehacupuncture.Com,avaliable,"['supervision@xinnet.com', 'wusong456789@163.com']",No,Yes,No,No,Yes,Yes,No,No,No,No,No
http://www.Yei.Center,avaliable,"['abuse@web.com', '2jd1inbtqki47av2l0i7gaj4qd@domaindiscreet.com']",No,No,No,No,No,No,No,No,No,No,No
http://www.Yeigen.Mx,avaliable,"['ayuda@nic.mx', 'abuse@nic.mx']",No,No,No,No,No,No,No,No,No,No,No
http://www.Yeihoceyononnosimar.Site,avaliable,Nothing,No,No,No,No,No,No,No,No,No,No,No
http://www.Yelangseq3Q.Info,avaliable,kingsley78098@gmail.com,No,No,No,No,Yes,Yes,No,No,No,No,No
http://www.Yelangsequ4Q.Info,avaliable,kingsley78098@gmail.com,No,No,No,No,Yes,Yes,No,No,No,No,No
http://www.Yelangsheq6Q.Info,avaliable,kingsley78098@gmail.com,No,No,No,No,Yes,Yes,No,No,No,No,No
http://www.Yelapadigital.Com,avaliable,Nothing,No,No,No,No,No,No,No,No,No,No,No
http://www.Yelasequ5Q.Info,avaliable,kingsley78098@gmail.com,No,No,No,No,Yes,Yes,No,No,No,No,No
http://www.Yelfian.Com,avaliable,abuse@hostinger.com,No,No,No,No,No,No,No,No,No,No,No
http://www.Yellod.Com,avaliable,"['abuse@NameBright.com', 'domains@hugedomains.com']",No,No,No,No,Yes,Yes,No,No,No,No,No
http://www.Yellowbakeroad.Cymru,avaliable,"['andrew.bennett@netistrar.com', 'yellowbakeroad@gmail.com', 'technical@netistrar.com', 'billing@netistrar.com']",Yes,No,No,No,No,No,No,No,No,No,No
http://www.Yellowbakeroad.Wales,avaliable,"['andrew.bennett@netistrar.com', 'yellowbakeroad@gmail.com', 'technical@netistrar.com', 'billing@netistrar.com']",Yes,No,No,No,No,No,No,No,No,No,No
http://www.Yellowbellyseries.Com,avaliable,abuse@web.com,No,No,No,No,No,No,No,No,No,No,No
http://www.Yellowbrickroad.Net,avaliable,"['abuse@web.com', 'dhrdf8icu2gkh8o1aanm7o4f1r@domaindiscreet.com']",Yes,No,No,No,No,No,No,No,No,No,No
http://www.Yellowskycreations.Com,avaliable,"['abuse@NameBright.com', 'domains@hugedomains.com']",No,No,No,No,Yes,Yes,No,No,No,No,No
http://www.Yelsekpopupshop.Com,avaliable,Nothing,No,No,No,No,No,No,No,Yes,No,No,No
http://www.Yeluchina.Com,avaliable,"['DomainAbuse@service.aliyun.com', 'YuMing@YinSiBaoHu.AliYun.com']",No,Yes,No,No,No,No,No,No,No,No,No
http://www.Yelucn.Com,avaliable,"['DomainAbuse@service.aliyun.com', 'YuMing@YinSiBaoHu.AliYun.com']",No,Yes,No,No,No,No,No,No,No,No,No
http://www.Yelulu7T.Info,avaliable,kingsley78098@gmail.com,No,No,No,No,Yes,Yes,No,No,No,No,No
http://www.Yemeklistem.Com,avaliable,abuse-contact@publicdomainregistry.com,No,No,No,No,Yes,Yes,No,No,No,No,No
http://www.Yemina.Site,avaliable,Nothing,No,Yes,No,Yes,No,No,No,No,No,Yes,No
http://www.Yenda.World,avaliable,Nothing,No,No,No,No,Yes,Yes,No,No,No,No,No
http://www.Yenetamereja.Com,avaliable,Nothing,Yes,Yes,No,No,No,No,No,No,No,Yes,Yes
http://www.Yenikampanyalar.Online,avaliable,Nothing,No,No,No,No,Yes,Yes,No,No,No,No,No
http://www.Yenisacmodeli.Com,avaliable,"['abuse@namesilo.com', 'pw-1e3980c5e439dbff62fadf3f059b1c93@privacyguardian.org']",No,Yes,No,Yes,No,No,No,No,No,No,No
http://www.Yeoksammassage.Com,avaliable,"['psch1213@naver.com', 'abuse@gabia.com']",No,Yes,No,Yes,No,No,No,No,No,No,No
http://www.Yeone.Net,avaliable,"['abuse@inames.co.kr', 'domain@Yescall.com', 'css1215@hanmail.net']",Yes,Yes,No,No,No,No,No,No,No,No,No
http://www.Yeongbinlee.Com,avaliable,"['domain-abuse@psi-usa.info', 'eyoungbin@gmail.com', 'tech-dom@gerwan.de']",Yes,No,No,No,No,No,No,No,No,No,No
http://www.Yeongdeung24.Com,avaliable,Nothing,Yes,No,No,No,No,No,No,No,No,No,No
http://www.Yeongwriter.Com,avaliable,"['abuse@bluehost.com', 'JDN4298@GMAIL.COM', 'WHOIS@BLUEHOST.COM']",No,No,No,No,No,No,No,No,No,No,Yes
http://www.Yeph.Org,avaliable,"['abuse@gmo.jp', 'privacy@whoisprivacyprotection.info']",Yes,No,No,No,No,No,No,No,No,No,No
http://www.Yeppeum.Com,avaliable,"['imaniceguy@naver.com', 'abuse@gabia.com']",No,Yes,No,No,No,No,No,No,No,No,No
http://www.Yerarquitecktonia.Com,avaliable,"['abuso@akky.mx', 'abuse@akky.mx', 'dannielsky8dance@hotmail.com', 'ayuda@akky.mx']",No,No,No,No,Yes,Yes,No,No,No,No,No
http://www.Yerindeprintertamiri.Com,avaliable,abuse@domaintime.biz,Yes,No,No,No,No,No,No,No,No,No,No
http://www.Yerlipornoizle.Net,avaliable,"['abuse@web.com', '2kde4k926cgfqb0vk2npivvjit@domaindiscreet.com']",No,No,No,No,No,No,No,No,No,No,No
http://www.Yertown.Com,avaliable,"['abuse@NameBright.com', 'domains@hugedomains.com']",No,No,No,No,Yes,Yes,No,No,No,No,No
http://www.Yes4.Info,avaliable,"['abuse@namecheap.com', '170f8126dc7c466e926a5a141dbb9b7f.protect@whoisguard.com']",No,No,No,No,No,No,No,No,No,No,No
http://www.Yes4Cars.Com,avaliable,"['abuse@namecheap.com', 'a8ff87b97eda4ec99753b67bf4897951.protect@whoisguard.com']",No,No,No,No,No,No,No,No,No,No,No
http://www.Yes876.Com,avaliable,abuse@web.com,Yes,No,No,No,No,No,No,No,No,No,No
http://www.Yesallcars.Com,avaliable,"['abuse@namecheap.com', 'c20150dc1bd4441e9e6b985d49b2f443.protect@whoisguard.com']",No,No,No,No,No,No,No,No,No,No,No
http://www.Yesexm.Com,avaliable,"['DomainAbuse@service.aliyun.com', 'YuMing@YinSiBaoHu.AliYun.com']",No,Yes,No,No,Yes,Yes,No,No,No,No,No
http://www.Yesforcars.Com,avaliable,"['abuse@namecheap.com', 'd4052bc451a74b3d9159e7ffe39d3b23.protect@whoisguard.com']",No,No,No,No,No,No,No,No,No,No,No
http://www.Yeshelpinghand.Com,avaliable,abuse-contact@publicdomainregistry.com,No,No,No,No,No,No,No,No,No,No,No
http://www.Yesonissue4.Info,avaliable,"['abuse@godaddy.com', 'terry@midohiosystems.com']",No,No,No,No,Yes,Yes,No,No,No,No,No
http://www.Yesonissue4.Org,avaliable,"['abuse@godaddy.com', 'terry@midohiosystems.com']",No,No,No,No,Yes,Yes,No,No,No,No,No
http://www.Yesoyfede.Com,avaliable,abuse@web.com,No,No,No,No,No,No,No,No,No,No,No
http://www.Yestomusic.Com,avaliable,"['abuse@NameBright.com', 'domains@hugedomains.com']",No,No,No,No,Yes,Yes,No,No,No,No,No
http://www.Yeswhy.Care,avaliable,"['abuse@1and1.com', 'lfk23com@gmail.com', 'hostmaster@1und1.de']",Yes,No,No,No,No,No,No,No,No,No,No
http://www.Yeswhy.Net,avaliable,"['abuse@united-domains.de', 'lfk23com@gmail.com', 'hostmaster@united-domains.de']",Yes,No,No,No,No,No,No,No,No,No,No
http://www.Yetiskanal.Com,avaliable,abuse-contact@publicdomainregistry.com,Yes,Yes,No,Yes,No,No,No,No,No,Yes,No
http://www.Yetiskinlerdekorasyon.Com,avaliable,murators@outlook.com,No,No,No,No,No,No,No,No,No,No,No
http://www.Yetkilises.Com,avaliable,Nothing,Yes,Yes,No,Yes,No,No,No,No,No,Yes,No
http://www.Yewnorkfilms.Com,avaliable,"['abuse@crazydomains.com', 'domains@crazydomains.com', 'DOMAINS@PRIVATEREGISTRYAUTHORITY.COM']",Yes,No,No,No,No,No,No,No,No,No,No
http://www.Yewtopia.Com,avaliable,"['abuse@NameBright.com', 'domains@hugedomains.com']",No,No,No,No,Yes,Yes,No,No,No,No,No
http://www.Yewu36.Com,avaliable,"['DomainAbuse@service.aliyun.com', '38350523@qq.com']",No,No,No,No,Yes,Yes,No,No,No,No,No
http://www.Yeye8888.Com,avaliable,"['abuse@bizcn.com', '1332186520@qq.com']",No,No,No,No,Yes,Yes,No,No,No,Yes,No
http://www.Yeyeh7V.Info,avaliable,kingsley78098@gmail.com,No,No,No,No,Yes,Yes,No,No,No,No,No
http://www.Yeyelu2V.Info,avaliable,kingsley78098@gmail.com,No,No,No,No,Yes,Yes,No,No,No,No,No
http://www.Yeyelulu4T.Info,avaliable,kingsley78098@gmail.com,No,No,No,No,Yes,Yes,No,No,No,No,No
http://www.Yeyeqi1V.Info,avaliable,kingsley78098@gmail.com,No,No,No,No,Yes,Yes,No,No,No,No,No
http://www.Yeyesiyu.Com,avaliable,abuse@55hl.com,No,Yes,No,No,Yes,Yes,No,No,No,No,No
http://www.Yeyeyelu6T.Info,avaliable,kingsley78098@gmail.com,No,No,No,No,Yes,Yes,No,No,No,No,No
http://www.Yezmusicworld.Com,avaliable,"['abuse@1and1.com', 'privacy@1and1.com']",Yes,Yes,No,Yes,No,No,No,No,No,No,No
http://www.Yf200828.Com,avaliable,"['supervision@xinnet.com', 'cdmalazio11@gmail.com']",No,Yes,No,No,No,No,No,No,No,No,No
http://www.Yfdwap.Com,avaliable,"['abuse@internet.bs', 'yfdwap.com-owner-9wyw@customers.whoisprivacycorp.com', 'yfdwap.com-admin-hy9r@customers.whoisprivacycorp.com', 'yfdwap.com-tech-h1wz@customers.whoisprivacycorp.com']",Yes,No,No,No,No,No,No,No,No,Yes,No
http://www.Yfprint.Net,avaliable,"['abuse@bizcn.com', 'ymzcyz@163.com']",No,No,No,No,Yes,Yes,No,No,No,No,No
http://www.Yfrunning.Com,avaliable,"['abuse@nominalia.com', 'marta.lapuerta@youfirstsports.com', 'txema.carvajal@youfirstsports.com', 'payment@nominalia.com']",Yes,No,No,No,No,No,No,No,No,No,No
http://www.Yg-Mall.Com,avaliable,"['abuse@kagoya.com', 'support.domain@kagoya.net']",Yes,No,No,No,No,No,No,No,No,No,No
http://www.Yg327.Com,avaliable,"['compliance@domain-inc.net', 'leffelvdstuli@hotmail.com', 'domainmanager@maileig.com']",No,No,No,No,Yes,Yes,No,No,No,No,No
http://www.Ygayyv.Com,avaliable,"['abuse@internet.bs', 'ygayyv.com-owner-fglf@customers.whoisprivacycorp.com', 'ygayyv.com-admin-g7em@customers.whoisprivacycorp.com', 'ygayyv.com-tech-gsls@customers.whoisprivacycorp.com']",Yes,No,No,No,No,No,No,No,No,No,No
http://www.Ygts520.Com,avaliable,"['DomainAbuse@service.aliyun.com', 'YuMing@YinSiBaoHu.AliYun.com']",Yes,Yes,No,No,No,No,No,No,No,No,No
http://www.Yhboli.Com,avaliable,"['DomainAbuse@service.aliyun.com', 'chazhan88@163.com']",No,Yes,No,No,Yes,Yes,No,No,No,No,No
http://www.Yhdistalaina.Com,avaliable,"['abuse@namecheap.com', '69afc4bee48c47108827622829b6d255.protect@whoisguard.com']",No,No,No,No,No,No,No,No,No,No,No
http://www.Yhembedded.Com,avaliable,"['YWPXLBRKY@WHOISPRIVACYPROTECT.COM', 'abuse@enom.com']",No,No,No,No,No,No,No,No,No,No,No
http://www.Yhimca.Com,avaliable,"['abuse@internet.bs', 'yhimca.com-owner-cyod@customers.whoisprivacycorp.com', 'yhimca.com-admin-1otl@customers.whoisprivacycorp.com', 'yhimca.com-tech-0muc@customers.whoisprivacycorp.com']",Yes,Yes,No,No,No,No,No,No,No,Yes,No
http://www.Yhjtdsjk.Date,avaliable,Nothing,Yes,Yes,No,No,No,No,No,No,No,No,No
http://www.Yhmed1969.Com,avaliable,"['DomainAbuse@service.aliyun.com', 'YuMing@YinSiBaoHu.AliYun.com']",No,Yes,Yes,Yes,No,No,No,No,No,Yes,No
http://www.Yhmobileopt.Com,avaliable,"['SFCLNFNH@WHOISPRIVACYPROTECT.COM', 'abuse@enom.com']",No,No,No,No,No,No,No,No,No,No,No
http://www.Yhmobileopthome.Com,avaliable,"['NBGLWBFLSF@WHOISPRIVACYPROTECT.COM', 'abuse@enom.com']",No,No,No,No,No,No,No,No,No,No,No
http://www.Yhongy7P.Info,avaliable,kingsley78098@gmail.com,No,No,No,No,Yes,Yes,No,No,No,No,No
http://www.Yhr.Info,avaliable,rami@trilot.com,No,No,No,No,No,No,No,No,No,No,No
http://www.Yhshuangan.Com,avaliable,"['DomainAbuse@service.aliyun.com', 'YuMing@YinSiBaoHu.AliYun.com']",No,No,No,No,No,No,No,No,No,No,No
http://www.Yibendaox4.Info,avaliable,kingsley78098@gmail.com,No,No,No,No,Yes,Yes,No,No,No,No,No
http://www.Yibiq.Com,avaliable,"['supervision@xinnet.com', 'austliao123456@gmail.com']",No,Yes,No,No,No,No,No,No,No,No,No
http://www.Yibo158.Com,avaliable,abuse@55hl.com,No,No,No,No,Yes,Yes,No,No,No,No,No
http://www.Yichengkuaiji.Com,avaliable,"['DomainAbuse@service.aliyun.com', 'YuMing@YinSiBaoHu.AliYun.com']",Yes,Yes,No,No,No,No,No,No,No,No,No
http://www.Yichuanbw.Com,avaliable,"['DomainAbuse@service.aliyun.com', 'YuMing@YinSiBaoHu.AliYun.com']",No,No,No,No,Yes,Yes,No,No,No,No,No
http://www.Yieldoptimize.Com,avaliable,"['abuse@1and1.com', 'privacy@1and1.fr']",Yes,No,No,No,No,No,No,No,No,No,No
http://www.Yieldtotheyarn.Com,avaliable,Nothing,No,No,No,No,No,No,No,No,No,No,No
http://www.Yifajiancai.Com,avaliable,"['DomainAbuse@service.aliyun.com', 'YuMing@YinSiBaoHu.AliYun.com']",No,No,No,No,Yes,Yes,No,No,No,No,No
http://www.Yifajichuang.Com,avaliable,abuse@web.com,No,No,No,No,Yes,Yes,No,No,No,No,No
http://www.Yifajingc123.Com,avaliable,"['supervision@xinnet.com', '15518929@qq.com']",No,No,No,No,Yes,Yes,No,No,No,No,No
http://www.Yifajingc234.Com,avaliable,"['supervision@xinnet.com', '15518929@qq.com']",No,No,No,No,Yes,Yes,No,No,No,No,No
http://www.Yifajingc345.Com,avaliable,"['supervision@xinnet.com', '15518929@qq.com']",No,No,No,No,Yes,Yes,No,No,No,No,No
http://www.Yifengzi.Com,avaliable,"['abuse@NameBright.com', 'domains@hugedomains.com']",No,No,No,No,Yes,Yes,No,No,No,No,No
http://www.Yigitbobinaj.Com,avaliable,abuse@dynadot.com,No,No,No,No,No,No,No,No,No,No,No
http://www.Yihongyu1Q.Info,avaliable,kingsley78098@gmail.com,No,No,No,No,Yes,Yes,No,No,No,No,No
http://www.Yihongyua2Q.Info,avaliable,kingsley78098@gmail.com,No,No,No,No,Yes,Yes,No,No,No,No,No
http://www.Yihongyuan5G.Info,avaliable,kingsley78098@gmail.com,No,No,No,No,Yes,Yes,No,No,No,No,No
http://www.Yihouyiyuan.Com,avaliable,westabuse@gmail.com,No,No,No,No,No,No,No,No,No,No,No
http://www.Yihoyuan9P.Info,avaliable,kingsley78098@gmail.com,No,No,No,No,Yes,Yes,No,No,No,No,No
http://www.Yihutz.Com,avaliable,compliance@domain-inc.net,No,No,No,No,Yes,Yes,No,No,No,No,No
http://www.Yihyuan8P.Info,avaliable,kingsley78098@gmail.com,No,No,No,No,Yes,Yes,No,No,No,No,No
http://www.Yijiachina.Net,avaliable,"['abuse@bizcn.com', 'ymzcyz@163.com']",No,No,No,No,Yes,Yes,No,No,No,No,No
http://www.Yildizlarjimnastik.Com,avaliable,abuse@domaintime.biz,No,No,No,No,Yes,Yes,No,No,No,No,No
http://www.Yildiztekingrupinsaat.Net,avaliable,abuse@domaintime.biz,No,No,No,No,Yes,Yes,No,No,No,No,No
http://www.Yiliandakeji.Com,avaliable,"['DomainAbuse@service.aliyun.com', 'YuMing@YinSiBaoHu.AliYun.com']",No,No,No,No,Yes,Yes,No,No,No,No,No
http://www.Yilmazarslanturk.Com,avaliable,abuse@web.com,No,Yes,No,No,No,No,No,No,No,No,No
http://www.Yiminghuahui.Com,avaliable,"['abuse@NameBright.com', 'sheishiwangjia@gmail.com']",No,No,No,No,No,No,No,No,No,No,No
http://www.Yimingvr.Com,avaliable,"['supervision@xinnet.com', '294243780@qq.com']",No,No,No,No,Yes,Yes,No,No,No,No,No
http://www.Yindee.Biz,avaliable,Nothing,No,No,No,No,No,No,No,No,No,No,No
http://www.Yingerdao.Com,avaliable,abuse@web.com,No,No,No,No,Yes,Yes,No,No,No,No,No
http://www.Yinghuibio.Com,avaliable,"['DomainAbuse@service.aliyun.com', 'YuMing@YinSiBaoHu.AliYun.com']",No,Yes,No,No,No,No,No,No,No,No,No
http://www.Yinghuigame.Com,avaliable,"['abuse@name.com', 'yinghuigame.com@protecteddomainservices.com']",No,No,No,No,No,No,No,No,No,No,No
http://www.Yingjimaoyi.Com,avaliable,"['abuse@bizcn.com', 'benzten@163.com']",No,Yes,No,No,No,No,No,No,No,No,No
http://www.Yinglongcz.Com,avaliable,"['abuse@bizcn.com', 'ymzcyz@163.com']",No,No,No,No,Yes,Yes,No,No,No,No,No
http://www.Yingmeidl.Com,avaliable,"['abuse@onlinenic.com', 'onlinenic-enduser@onlinenic.com', '1324986820@qq.com']",No,No,No,No,Yes,Yes,No,No,No,No,No
http://www.Yingshijiqiao.Com,avaliable,Nothing,No,No,No,No,Yes,Yes,No,No,No,No,No
http://www.Yinnanjun.Com,avaliable,"['DomainAbuse@service.aliyun.com', 'YuMing@YinSiBaoHu.AliYun.com']",No,Yes,No,No,No,No,No,No,No,No,No
http://www.Yinsedaoh2R.Info,avaliable,kingsley78098@gmail.com,No,No,No,No,Yes,Yes,No,No,No,No,No
http://www.Yinsewa9Q.Info,avaliable,kingsley78098@gmail.com,No,No,No,No,Yes,Yes,No,No,No,No,No
http://www.Yinsewang7G.Info,avaliable,kingsley78098@gmail.com,No,No,No,No,Yes,Yes,No,No,No,No,No
http://www.Yinsewango1U.Info,avaliable,kingsley78098@gmail.com,No,No,No,No,Yes,Yes,No,No,No,No,No
http://www.Yinshan.Org,avaliable,"['abuse@godaddy.com', 'jiangyuanyuan.de@gmail.com']",Yes,Yes,No,Yes,No,No,No,No,No,No,No
http://www.Yinsongcn.Com,avaliable,"['abuse@bizcn.com', 'hiarsc@163.com']",No,Yes,No,No,Yes,Yes,No,No,No,No,No
http://www.Yinswan8Q.Info,avaliable,kingsley78098@gmail.com,No,No,No,No,Yes,Yes,No,No,No,No,No
http://www.Yinxin666.Com,avaliable,"['DomainAbuse@service.aliyun.com', 'YuMing@YinSiBaoHu.AliYun.com']",Yes,Yes,No,No,No,No,No,No,No,No,No
http://www.Yinyang.Network,avaliable,Nothing,No,No,No,No,No,No,No,No,No,Yes,No
http://www.Yinyuegg.Com,avaliable,"['abuse@55hl.com', '2732092722@qq.com']",Yes,Yes,No,No,No,No,No,No,No,No,No
http://www.Yiouyi.Com,avaliable,"['abuse@namesilo.com', 'pw-7fa5b2844a6e8cecb0f847d970ad68d7@privacyguardian.org']",No,No,No,No,No,No,No,No,No,Yes,No
http://www.Yippies.Biz,avaliable,Nothing,No,No,No,No,No,No,No,No,No,No,No
http://www.Yiqidiancan.Com,avaliable,Nothing,No,No,No,No,Yes,Yes,No,No,No,No,No
http://www.Yiren369.Com,avaliable,"['supervision@xinnet.com', '2220351323@qq.com']",No,No,No,No,Yes,Yes,No,No,No,No,No
http://www.Yishengdingkang.Com,avaliable,"['DomainAbuse@service.aliyun.com', 'YuMing@YinSiBaoHu.AliYun.com']",No,No,No,No,No,No,No,No,No,No,No
http://www.Yishu-Yan.Com,avaliable,"['abuse@namecheap.com', '6fa0b6164fee41c586a4687c001d5cba.protect@whoisguard.com']",No,No,No,No,No,No,No,No,No,No,No
http://www.Yishuimama.Com,avaliable,"['abuse@NameBright.com', 'qwerzxcvb456789@gmail.com']",No,Yes,No,No,No,No,No,No,No,No,No
http://www.Yisinda.Com,avaliable,"['abuse@NameBright.com', 'wbcm12345@163.com']",No,No,No,No,Yes,Yes,No,No,No,No,No
http://www.Yitukeji.Com,avaliable,"['abuse@NameBright.com', 'domains@hugedomains.com']",No,No,No,No,Yes,Yes,No,No,No,No,No
http://www.Yiudebao.Com,avaliable,"['abuse@bizcn.com', 'florence0820@163.com']",No,No,No,No,Yes,Yes,No,No,No,No,No
http://www.Yiweijx.Com,avaliable,abuse@web.com,No,No,No,No,Yes,Yes,No,No,No,No,No
http://www.Yixuanb.Com,avaliable,"['abuse@onlinenic.com', 'onlinenic-enduser@onlinenic.com', '1324986820@qq.com']",No,No,No,No,Yes,Yes,No,No,No,No,No
http://www.Yixuanli.Org,avaliable,"['abuse@godaddy.com', 'liyixuan.sjtu@gmail.com']",No,No,No,No,Yes,Yes,No,No,No,No,No
http://www.Yiyangtool.Com,avaliable,"['supervision@xinnet.com', 'hfg2220171@gmail.com']",No,No,No,No,No,No,No,No,No,Yes,No
http://www.Yiyaya111.Com,avaliable,"['supervision@xinnet.com', 'bichuanh907@163.com']",No,Yes,No,No,No,No,No,No,No,No,No
http://www.Yiyingnet.Com,avaliable,"['supervision@xinnet.com', 'whoisprotect@dnspod.com']",No,No,No,No,No,No,No,No,No,No,No
http://www.Yjapbj.Com,avaliable,"['abuse@NameBright.com', '79376898@qq.com']",No,Yes,No,No,No,No,No,No,No,No,No
http://www.Yjcxmmall.Com,avaliable,"['supervision@xinnet.com', '36244991@qq.com']",No,No,No,No,No,No,No,No,No,No,No
http://www.Yjcxsmall.Com,avaliable,"['supervision@xinnet.com', '36244991@qq.com']",No,No,No,No,No,No,No,No,No,No,No
http://www.Yjesxsdlinyi.Com,avaliable,westabuse@gmail.com,No,No,No,No,Yes,Yes,No,No,No,No,No
http://www.Yjjgwr.Com,avaliable,"['abuse@internet.bs', 'yjjgwr.com-owner-hwet@customers.whoisprivacycorp.com', 'yjjgwr.com-admin-l29i@customers.whoisprivacycorp.com', 'yjjgwr.com-tech-swvf@customers.whoisprivacycorp.com']",Yes,Yes,No,No,No,No,No,No,No,Yes,No
http://www.Yjmmxf.Com,avaliable,abuse@55hl.com,No,Yes,No,No,Yes,Yes,No,No,No,No,No
http://www.Yjyh-Jlsw.Com,avaliable,"['abuse@NameBright.com', 'wbcm12345@163.com']",No,No,No,No,Yes,Yes,No,No,No,No,No
http://www.Ykoazy.Com,avaliable,"['supervision@xinnet.com', 'wangbing@yisainuo.com']",No,No,No,No,No,No,No,No,No,No,No
http://www.Ykqfrost.Info,avaliable,"['abuse@godaddy.com', '782878570@qq.com']",No,No,No,No,Yes,Yes,No,No,No,No,No
http://www.Ykssorucoz.Com,avaliable,abuse@domaintime.biz,No,No,No,No,Yes,Yes,No,No,No,No,No
http://www.Yktangyou.Com,avaliable,"['supervision@xinnet.com', '3433256491@qq.com']",No,Yes,No,No,No,No,No,No,No,No,No
http://www.Ykzssx.Com,avaliable,"['supervision@xinnet.com', 'ewiyediewtrgtkchg@foxmail.com']",No,Yes,No,No,No,No,No,No,No,No,No
http://www.Ylaocd.Com,avaliable,"['DomainAbuse@service.aliyun.com', 'YuMing@YinSiBaoHu.AliYun.com']",Yes,No,No,No,Yes,No,No,No,No,No,No
http://www.Ylb.Store,avaliable,Nothing,Yes,Yes,No,No,No,No,No,No,No,No,No
http://www.Yldht.Com,avaliable,"['abuse@namesilo.com', 'pw-40fdc6b8a68e4a4db03b515eb37fa5ca@privacyguardian.org']",No,Yes,No,No,No,No,No,No,No,No,No
http://www.Ylfcmz.Com,avaliable,"['DomainAbuse@service.aliyun.com', 'YuMing@YinSiBaoHu.AliYun.com']",Yes,No,No,No,Yes,No,No,No,No,No,No
http://www.Ylgpiz.Com,avaliable,"['DomainAbuse@service.aliyun.com', 'YuMing@YinSiBaoHu.AliYun.com']",Yes,No,No,No,Yes,No,No,No,No,No,No
http://www.Ylinxtelecom.Info,avaliable,"['abuse@godaddy.com', 'ylinxtelecom.info@domainsbyproxy.com']",No,No,No,No,Yes,Yes,No,No,No,No,No
http://www.Ylinxtelecom.Org,avaliable,"['abuse@godaddy.com', 'ylinxtelecom.org@domainsbyproxy.com']",No,No,No,No,Yes,Yes,No,No,No,No,No
http://www.Ylisenordic.Com,avaliable,"['abuse@namecheap.com', '75f9a2d3d43245e99dee49bea20a3e15.protect@whoisguard.com']",No,No,No,No,No,No,No,No,No,No,No
http://www.Yljktzlc.Com,avaliable,"['raphu@5778.com', 'public@topvhost.com', '2928087627@qq.com']",No,No,No,No,Yes,Yes,No,No,No,Yes,No
http://www.Yljsmr.Com,avaliable,DomainAbuse@service.aliyun.com,Yes,No,No,No,Yes,No,No,No,No,No,No
http://www.Yloame.Com,avaliable,"['DomainAbuse@service.aliyun.com', 'YuMing@YinSiBaoHu.AliYun.com']",Yes,No,No,No,Yes,No,No,No,No,No,No
http://www.Ylozbs.Com,avaliable,"['DomainAbuse@service.aliyun.com', 'YuMing@YinSiBaoHu.AliYun.com']",Yes,No,No,No,Yes,No,No,No,No,No,No
http://www.Ylpqmg.Com,avaliable,DomainAbuse@service.aliyun.com,Yes,No,No,No,Yes,No,No,No,No,No,No
http://www.Ylsbxf.Com,avaliable,"['DomainAbuse@service.aliyun.com', 'YuMing@YinSiBaoHu.AliYun.com']",Yes,No,No,No,Yes,No,No,No,No,No,No
http://www.Yltarl.Com,avaliable,"['DomainAbuse@service.aliyun.com', 'YuMing@YinSiBaoHu.AliYun.com']",Yes,No,No,No,Yes,No,No,No,No,No,No
http://www.Yltlac.Com,avaliable,"['DomainAbuse@service.aliyun.com', 'YuMing@YinSiBaoHu.AliYun.com']",Yes,No,No,No,Yes,No,No,No,No,No,No
http://www.Ylvcfa.Com,avaliable,"['DomainAbuse@service.aliyun.com', 'YuMing@YinSiBaoHu.AliYun.com']",Yes,No,No,No,Yes,No,No,No,No,No,No
http://www.Ylwovb.Com,avaliable,"['DomainAbuse@service.aliyun.com', 'YuMing@YinSiBaoHu.AliYun.com']",Yes,No,No,No,Yes,No,No,No,No,No,No
http://www.Ylwsnv.Com,avaliable,"['DomainAbuse@service.aliyun.com', 'YuMing@YinSiBaoHu.AliYun.com']",Yes,No,No,No,Yes,No,No,No,No,No,No
http://www.Ylxeqa.Com,avaliable,"['DomainAbuse@service.aliyun.com', 'YuMing@YinSiBaoHu.AliYun.com']",Yes,No,No,No,Yes,No,No,No,No,No,No
http://www.Ylxjzm.Com,avaliable,"['DomainAbuse@service.aliyun.com', 'YuMing@YinSiBaoHu.AliYun.com']",Yes,No,No,No,Yes,No,No,No,No,No,No
http://www.Ylxuaf.Com,avaliable,"['DomainAbuse@service.aliyun.com', 'YuMing@YinSiBaoHu.AliYun.com']",Yes,No,No,No,Yes,No,No,No,No,No,No
http://www.Ylzgcn.Com,avaliable,"['DomainAbuse@service.aliyun.com', 'YuMing@YinSiBaoHu.AliYun.com']",Yes,No,No,No,Yes,No,No,No,No,No,No
http://www.Ylzifl.Com,avaliable,"['DomainAbuse@service.aliyun.com', 'YuMing@YinSiBaoHu.AliYun.com']",Yes,No,No,No,Yes,No,No,No,No,No,No
http://www.Ylzjdn.Com,avaliable,DomainAbuse@service.aliyun.com,Yes,No,No,No,Yes,No,No,No,No,No,No
http://www.Ylzojf.Com,avaliable,"['DomainAbuse@service.aliyun.com', 'YuMing@YinSiBaoHu.AliYun.com']",Yes,No,No,No,Yes,No,No,No,No,No,No
http://www.Ylzqfh.Com,avaliable,DomainAbuse@service.aliyun.com,Yes,No,No,No,Yes,No,No,No,No,No,No
http://www.Ylzqmg.Com,avaliable,"['DomainAbuse@service.aliyun.com', 'YuMing@YinSiBaoHu.AliYun.com']",Yes,No,No,No,Yes,No,No,No,No,No,No
http://www.Ym530.Com,avaliable,abuse@godaddy.com,No,No,No,No,Yes,Yes,No,No,No,No,No
http://www.Ymd723Kusuri.Com,avaliable,"['abuse@gmo.jp', 'proxy@whoisprotectservice.com']",No,No,No,No,No,No,No,No,No,No,Yes
http://www.Ymecllmb.Download,avaliable,Nothing,No,No,No,No,Yes,Yes,No,No,No,No,No
http://www.Ymecoin.Com,avaliable,"['abuse@namecheap.com', 'b0990b2bca6545afa6b61e0a7e444ee0.protect@whoisguard.com']",No,No,No,No,No,No,No,No,No,No,No
http://www.Ymf7J44Q6Fpc.Site,avaliable,Nothing,No,No,No,No,No,No,No,No,No,No,No
http://www.Ymfspj.Com,avaliable,"['supervision@xinnet.com', '36244991@qq.com']",No,No,No,No,No,No,No,No,No,No,No
http://www.Ymkas.Com,avaliable,"['abuse@dotnamekorea.com', 'doc@dotnamekorea.com', 'ilovesvc@naver.com']",No,No,No,No,Yes,Yes,No,No,No,No,No
http://www.Ymklcpuzzledom.Review,avaliable,Nothing,No,No,No,No,Yes,Yes,No,No,No,No,No
http://www.Ymp-Fashion.Com,avaliable,"['abuse@corehub.net', 'klemens@themakers.work']",Yes,No,No,No,No,No,No,No,No,No,No
http://www.Ymvillsa.Com,avaliable,"['abuse@lcn.com', '5aad68017dba00b6d3057625e51c2104@domainprivacyprotector.com', 'support@lcn.com']",Yes,No,No,No,No,No,No,No,No,No,No
http://www.Ymwmail16.Com,avaliable,"['abuse@namecheap.com', '2c7136d8d22a4d939513197fb153f739.protect@whoisguard.com']",No,No,No,No,No,No,No,No,No,No,No
http://www.Ymxzt.Com,avaliable,"['abuse@NameBright.com', 'xiaomingfacai2@gmail.com']",No,Yes,No,No,No,No,No,No,No,No,No
http://www.Ynanesthesia.Net,avaliable,"['abuse@NameBright.com', 'bobao88888@gmail.com']",No,Yes,No,No,No,No,No,No,No,No,No
http://www.Ynasts.Com,avaliable,"['supervision@xinnet.com', '2133146009@qq.com']",No,No,No,No,Yes,Yes,No,No,No,No,No
http://www.Ynfyxrmyy.Com,avaliable,"['abuse@onlinenic.com', 'onlinenic-enduser@onlinenic.com', '1324986820@qq.com']",No,No,No,No,Yes,Yes,No,No,No,No,No
http://www.Yngjpme.Com,avaliable,DomainAbuse@service.aliyun.com,No,No,No,No,Yes,Yes,No,No,No,No,No
http://www.Ynhcrusher.Com,avaliable,"['domainabuse@automattic.com', 'ynhcrusher.com@privatewho.is', 'help@wordpress.com']",No,Yes,No,Yes,No,No,No,No,No,No,No
http://www.Ynifju.Com,avaliable,"['abuse@internet.bs', 'ynifju.com-owner-uvqz@customers.whoisprivacycorp.com', 'ynifju.com-admin-g2ps@customers.whoisprivacycorp.com', 'ynifju.com-tech-yxl7@customers.whoisprivacycorp.com']",Yes,Yes,No,No,No,No,No,No,No,Yes,No
http://www.Ynjinrun.Com,avaliable,"['abuse@NameBright.com', 'togalue@gmail.com']",No,Yes,No,No,No,No,No,No,No,No,No
http://www.Ynnejceledio.Com,avaliable,"['abuse@ascio.com', 'jennyceledio@gmail.com', 'domains@simplesite.com']",No,No,No,No,Yes,Yes,No,No,No,No,No
http://www.Ynobe.Photography,avaliable,"['abuse@web.com', 'd0f3mp9e7miq4a19fjksakh1ju@domaindiscreet.com']",No,No,No,No,No,No,No,No,No,No,No
http://www.Ynoma.Com,avaliable,"['abuse@NameBright.com', 'domains@hugedomains.com']",No,No,No,No,Yes,Yes,No,No,No,No,No
http://www.Ynottryy.Com,avaliable,"['abuse@namecheap.com', 'bc8b8808365b40b39ff1cb8cd63f7c4b.protect@whoisguard.com']",No,No,No,No,No,No,No,No,No,No,No
http://www.Ynpkzh.Com,avaliable,abuse@web.com,No,No,No,No,Yes,Yes,No,No,No,No,No
http://www.Ynqjgs.Com,avaliable,"['compliance@domain-inc.net', 'leffelvdstuli@hotmail.com', 'domainmanager@maileig.com']",No,No,No,No,Yes,Yes,No,No,No,No,No
http://www.Ynwola.Com,avaliable,"['abuse@internet.bs', 'ynwola.com-owner-kyhv@customers.whoisprivacycorp.com', 'ynwola.com-admin-wwxf@customers.whoisprivacycorp.com', 'ynwola.com-tech-n0sh@customers.whoisprivacycorp.com']",Yes,No,No,No,No,No,No,No,No,Yes,No
http://www.Ynxjlawfirm.Com,avaliable,"['supervision@xinnet.com', 'whoisprotect@dnspod.com']",No,Yes,No,No,No,No,No,No,No,No,No
http://www.Ynycf.Com,avaliable,"['abuse@ename.com', 'temp@ename.com']",No,No,No,No,No,No,No,No,No,No,No
http://www.Ynyjy88.Com,avaliable,"['DomainAbuse@service.aliyun.com', 'YuMing@YinSiBaoHu.AliYun.com']",No,Yes,No,No,No,No,No,No,No,No,No
http://www.Yoannguillemot.Com,avaliable,"['abuse@ovh.net', 'yoannguillemot@orange.fr']",Yes,Yes,No,Yes,No,No,No,No,No,Yes,No
http://www.Yoannservices.Com,avaliable,"['registrar-abuse@google.com', '905gst5f3dvs@contactprivacy.email']",No,No,No,No,No,No,No,No,No,No,No
http://www.Yobbio.Com,avaliable,"['abuse@namesilo.com', 'pw-125331e1d0a2a8dc02e0a5e24bcda5d1@privacyguardian.org']",No,No,No,No,No,No,No,No,No,No,No
http://www.Yobisaladsexpress.Com,avaliable,"['abuse@namecheap.com', 'dadf5621fd1346788214d6426396a6e6.protect@whoisguard.com']",No,No,No,No,No,No,No,No,No,No,No
http://www.Yocolibri8.Com,avaliable,abuse@web.com,No,No,No,No,No,No,No,No,No,No,No
http://www.Yodavsdarth.Com,avaliable,"['abuse@namecheap.com', 'f9e734fed986430d82689948457cb775.protect@whoisguard.com']",Yes,No,No,No,No,No,No,No,No,No,No
http://www.Yodea-Equilibre.Com,avaliable,Nothing,Yes,No,No,No,No,No,No,No,No,No,No
http://www.Yoechinewin.Com,avaliable,"['HTIN.NYO@ETRADEMYANMAR.COM', 'HTIN.NYO@GMAIL.COM', 'abuse@enom.com']",Yes,No,No,No,No,No,No,No,No,No,No
http://www.Yoedian.Com,avaliable,"['supervision@xinnet.com', 'leofcloud@qq.com']",No,No,No,No,No,No,No,No,No,No,No
http://www.Yoexobesa.Com,avaliable,Nothing,No,Yes,No,Yes,No,No,No,No,No,No,No
http://www.Yogaassist.Com,avaliable,"['abuse@NameBright.com', 'domains@hugedomains.com']",No,No,No,No,Yes,Yes,No,No,No,No,No
http://www.Yogaforhappinessnow.Com,avaliable,"['abuse@namecheap.com', 'aa2b0b0b8d9a4fe1bcf66f95902b752f.protect@whoisguard.com']",No,No,No,No,No,No,No,No,No,No,No
http://www.Yogajongg.Com,avaliable,Nothing,No,No,No,No,No,No,No,No,No,No,No
http://www.Yogalife.Review,avaliable,Nothing,No,Yes,No,Yes,No,No,No,No,No,No,No
http://www.Yogaonup.Com,avaliable,domainabuse@automattic.com,No,Yes,No,Yes,No,No,No,No,No,No,No
http://www.Yogaphuquoc.Com,avaliable,"['abuse@pavietnam.vn', 'protected@domainwhoisprotect.net']",Yes,Yes,No,Yes,No,No,No,No,No,Yes,No
http://www.Yogapilatesconnection.Com,avaliable,"['abuse@namecheap.com', '378166701469495cbf6efb988ce403e5.protect@whoisguard.com']",No,No,No,No,No,No,No,No,No,No,No
http://www.Yogastudionearme.Com,avaliable,domainabuse@automattic.com,No,Yes,No,Yes,No,No,No,No,No,No,No
http://www.Yogatiquesportwear.Com,avaliable,"['abuse@gmo.jp', 'proxy@whoisprotectservice.com']",Yes,No,No,No,No,No,No,No,No,No,No
http://www.Yogatrapezelondon.Com,avaliable,Nothing,No,Yes,No,Yes,No,No,No,No,No,Yes,No
http://www.Yogevmeier.Com,avaliable,abuse@web.com,No,No,No,No,No,No,No,No,No,No,No
http://www.Yogiburger.Com,avaliable,Nothing,No,Yes,Yes,Yes,No,No,No,No,No,Yes,No
http://www.Yogicathleisure.Com,avaliable,abuse@web.com,No,No,No,No,No,No,No,No,No,No,No
http://www.Yogicluxuryathleisure.Com,avaliable,abuse@web.com,No,No,No,No,No,No,No,No,No,No,No
http://www.Yogistacie.Com,avaliable,abuse@web.com,No,No,No,No,No,No,No,No,No,No,No
http://www.Yogvidya.Co.Uk,avaliable,Nothing,No,No,No,No,No,No,No,No,No,No,No
http://www.Yokohama-Cleaning.Com,avaliable,"['abuse@gmo.jp', 'privacy@whoisprivacyprotection.info']",Yes,No,No,No,No,No,No,No,No,No,No
http://www.Yokotaya-Syouga.Com,avaliable,"['domain-abuse@psi-usa.info', 'info@privatename.com']",No,No,No,No,No,No,No,No,No,No,No
http://www.Yolateat.Info,avaliable,"['abuse@godaddy.com', 'admin@domainregistriesfoundation.com']",Yes,No,No,No,No,No,No,No,No,No,No
http://www.Yolkless.Com,avaliable,"['abuse@NameBright.com', 'domains@hugedomains.com']",No,No,No,No,Yes,Yes,No,No,No,No,No
http://www.Yolksandwhites.Com,avaliable,"['abuse@NameBright.com', 'domains@hugedomains.com']",No,No,No,No,Yes,Yes,No,No,No,No,No
http://www.Yolocat.Com,avaliable,"['abuse@1and1.com', 'privacy@1and1.com']",Yes,No,No,No,No,No,No,No,No,No,No
http://www.Yoloostrava.Com,avaliable,abuse@web.com,No,No,No,No,No,No,No,No,No,No,No
http://www.Yomagazines.Com,avaliable,"['registrar-abuse@google.com', 'lmwdtnbr7lws@contactprivacy.email']",No,No,No,No,No,No,No,No,No,No,No
http://www.Yomkippur.Services,avaliable,"['abuse@namecheap.com', '5d36910002b54e3e81dd93a024f7fc5b.protect@whoisguard.com']",No,No,No,No,No,No,No,No,No,No,No
http://www.Yondavista.Com,avaliable,"['abuse@namecheap.com', '40c4d45629ab48cfad431b2bd106fadc.protect@whoisguard.com']",No,No,No,No,No,No,No,No,No,No,No
http://www.Yongli777-Bet.Com,avaliable,"['supervision@xinnet.com', 'tianxiaren1688@gmail.com']",No,Yes,No,No,No,No,No,No,No,No,No
http://www.Yongliren.Com,avaliable,"['abuse@NameBright.com', 'libai8181@gmail.com']",No,Yes,No,No,No,No,No,No,No,No,No
http://www.Yongmingmedical.Com,avaliable,abuse-contact@publicdomainregistry.com,No,Yes,No,No,No,No,No,No,No,Yes,No
http://www.Yongyimiaomu.Com,avaliable,"['supervision@xinnet.com', 'ytqiming@163.com']",No,Yes,No,No,No,No,No,No,No,No,No
http://www.Yongyinghuidd.Org,avaliable,"['abuse-contact@publicdomainregistry.com', 'guwangshu001@163.com']",No,Yes,No,Yes,Yes,Yes,No,No,No,No,No
http://www.Yongyixuan.Com,avaliable,"['abuse@bizcn.com', 'whoisprivacyprotect@whoisservices.cn']",No,Yes,No,No,No,No,No,No,No,No,No
http://www.Yonled.Org,avaliable,empireklam@gmail.com,No,No,No,No,Yes,Yes,No,No,No,Yes,No
http://www.Yoohybris.Com,avaliable,registrar-abuse@google.com,No,No,No,No,No,No,No,No,No,No,No
http://www.Yoolortho.Com,avaliable,abuse-contact@publicdomainregistry.com,Yes,Yes,No,Yes,No,No,No,No,No,Yes,No
http://www.Yoonseulgift.Com,avaliable,"['dev@joagift.com', 'abuse@gabia.com']",Yes,Yes,No,No,No,No,No,No,No,No,No
http://www.Yooperboytherapy.Com,avaliable,"['abuse@namecheap.com', 'fffc2e6643d44f21a43a5ce2ab0f4932.protect@whoisguard.com']",No,No,No,No,No,No,No,No,No,No,No
http://www.Yooshitafoodcollection.Com,avaliable,"['abuse@registrar.eu', 'hazhirbahar@gmail.com']",Yes,Yes,No,No,No,No,No,No,No,No,No
http://www.Yorefm.Com,avaliable,abuse@domaintime.biz,No,No,No,No,No,No,No,No,No,No,No
http://www.York-Jewellery.Com,avaliable,"['domain-abuse@psi-usa.info', 'york@prinzzuschaumburg-lippe.de', 'technik@GBO.net']",Yes,Yes,No,No,No,No,No,No,No,No,No
http://www.Yorkieluvas.Com,avaliable,"['abuse@liquidnetlimited.com', 'abuse@liquidnetlimited.co.uk', 'i8qe2hny@whois-shield.com']",Yes,No,No,No,No,No,No,No,No,No,No
http://www.Yorkshireweddinghub.Com,avaliable,"['abuse@lcn.com', '0e4f8cffa20d60f70335abedcb3a5986@domainprivacyprotector.com', 'support@lcn.com']",No,Yes,No,No,No,No,No,No,No,Yes,No
http://www.Yorktodayflooring.Org,avaliable,benrosenzweig@hotmail.com,Yes,No,No,No,No,No,No,No,No,No,No
http://www.Yormackuaku.Com,avaliable,"['abuse@bluehost.com', 'EDWARD.AMARTEYTAGOE@GMAIL.COM', 'WHOIS@BLUEHOST.COM']",No,No,No,No,No,No,No,No,No,Yes,No
http://www.Yoshibunngaku.Com,avaliable,"['abuse@gmo.jp', 'proxy@whoisprotectservice.com']",Yes,No,No,No,No,No,No,No,No,No,No
http://www.Yotke.Org,avaliable,"['abuse@godaddy.com', 'yotke@zg.t-com.hr']",No,No,No,No,Yes,Yes,No,No,No,No,No
http://www.Yotsuyagakuin-Tsushin.Net,avaliable,"['abuse@gmo.jp', 'proxy@whoisprotectservice.com']",No,No,No,No,No,No,No,No,No,No,No
http://www.You-Night.Com,avaliable,"['abuse@register.it', 'mauro.dadda.99@gmail.com', 'support@register.it']",Yes,No,No,No,No,No,No,No,No,No,No
http://www.You-R.Com,avaliable,"['abuse@NameBright.com', 'domains@hugedomains.com']",No,No,No,No,Yes,Yes,No,No,No,No,No
http://www.You94.Com,avaliable,abuse@godaddy.com,No,No,No,No,Yes,Yes,No,No,No,No,No
http://www.Youandmeee.Com,avaliable,"['abuse@gmo.jp', 'privacy@whoisprivacyprotection.info']",No,Yes,No,No,No,No,No,No,No,No,No
http://www.Youarenext.Org,avaliable,"['abuse@godaddy.com', 'youarenext.org@domainsbyproxy.com']",No,No,No,No,Yes,Yes,No,No,No,No,No
http://www.Youarenotsupreme.Com,avaliable,"['abuse@yesnic.com', 'admin@whoisblind.com']",Yes,No,No,No,No,No,No,No,No,No,No
http://www.Youasset.Com,avaliable,"['abuse@NameBright.com', 'domains@hugedomains.com']",No,No,No,No,Yes,Yes,No,No,No,No,No
http://www.Youbendao.Com,avaliable,"['tld@cndns.com', 'domain@cndns.com', 'ybdcom@qq.com']",No,Yes,No,No,Yes,Yes,No,No,No,No,No
http://www.Youbestplay.Accountant,avaliable,Nothing,No,No,No,No,No,No,No,No,No,No,No
http://www.Youbrackit.Com,avaliable,"['abuse@namecheap.com', '6bd9415db5b74951853514708f65a032.protect@whoisguard.com']",No,No,No,No,No,No,No,No,No,No,No
http://www.Youbrella.Ltd,avaliable,Nothing,No,No,No,No,No,No,No,No,No,No,No
http://www.Youcancookit.Com,avaliable,"['abuse@NameBright.com', 'domains@hugedomains.com']",No,No,No,No,Yes,Yes,No,No,No,No,No
http://www.Youdontmemethat.Com,avaliable,"['abuse@namecheap.com', '440765fa0e18462280bf7166bf802aca.protect@whoisguard.com']",No,No,No,No,No,No,No,No,No,No,No
http://www.Youdontprotect.Com,avaliable,abuse@web.com,No,No,No,No,No,No,No,No,No,No,No
http://www.Youeryuanjiaoju.Com,avaliable,"['abuse@bizcn.com', '2685892711@qq.com']",No,No,No,No,No,No,No,No,No,No,No
http://www.Youhadmeattailgate.Com,avaliable,"['registrar-abuse@google.com', 'ohwqsjzp2bcm@contactprivacy.email']",No,No,No,No,No,No,No,No,No,No,No
http://www.Youhuigou71.Com,avaliable,DomainAbuse@service.aliyun.com,Yes,No,No,No,No,No,No,No,No,No,No
http://www.Youmingmi.Com,avaliable,"['tld@cndns.com', 'domain@cndns.com', 'dengjq2008@vip.qq.com']",No,No,No,No,Yes,Yes,No,No,No,No,No
http://www.Youmustremember.Com,avaliable,"['abuse@NameBright.com', 'domains@hugedomains.com']",No,No,No,No,Yes,Yes,No,No,No,No,No
http://www.Younes.Site,avaliable,Nothing,No,Yes,No,Yes,No,No,No,No,No,Yes,No
http://www.Young-Threads.Com,avaliable,"['abuse@1and1.com', 'privacy@1and1.com']",No,No,No,No,No,No,No,No,No,No,No
http://www.Youngandlonely.Org,avaliable,"['abuse-contact@publicdomainregistry.com', 'gilbertgreen@gmail.com']",No,Yes,No,Yes,No,No,No,No,No,No,No
http://www.Youngbusinessexecutives.Com,avaliable,"['abuse@namecheap.com', '43da893d365c4e5fb0175375e68e0717.protect@whoisguard.com']",No,Yes,No,Yes,No,No,No,No,No,No,No
http://www.Youngcreators.Academy,avaliable,"['abuse@godaddy.com', 'carlos@civila.com']",No,No,No,No,Yes,Yes,No,No,No,No,No
http://www.Youngestlooking.Com,avaliable,"['abuse@NameBright.com', 'domains@hugedomains.com']",No,No,No,No,Yes,Yes,No,No,No,No,No
http://www.Youngindigoblues.Com,avaliable,abuse@web.com,Yes,No,No,No,No,No,No,No,No,No,No
http://www.Younglabsounds.Com,avaliable,abuse@web.com,No,No,No,No,No,No,No,No,No,No,No
http://www.Younglivingmanila.Com,avaliable,abuse@web.com,No,No,No,No,No,No,No,No,No,No,No
http://www.Youngpremium.Com,avaliable,"['abuse@NameBright.com', 'ikehook@gmail.com']",No,No,No,No,No,No,No,No,No,No,No
http://www.Youngrichandbroke.Com,avaliable,abuse-contact@publicdomainregistry.com,Yes,No,No,No,No,No,No,No,No,No,No
http://www.Youngsequip.Net,avaliable,abuse@webnames.ca,Yes,Yes,No,No,No,No,No,No,No,Yes,No
http://www.Youngsustainableimpact.Com,avaliable,"['abuse@ascio.com', 'zark_95@hotmail.com', 'hostmaster@one.com']",Yes,No,No,No,No,No,No,No,No,No,No
http://www.Youngsxymature.Com,avaliable,"['abuse@namecheap.com', 'ad6d6b1efb644e70b84ddc8121deeb76.protect@whoisguard.com']",No,No,No,No,No,No,No,No,No,No,No
http://www.Youngvitality.Com,avaliable,abuse@web.com,Yes,No,No,No,No,No,No,No,No,No,No
http://www.Younlovlygirls.Com,avaliable,"['abuse@namecheap.com', '964883eb98be488c886e65d19963eac1.protect@whoisguard.com']",No,No,No,No,No,No,No,No,No,No,No
http://www.Younow-Wiki-Germany.Com,avaliable,"['abuse-domains@cronon.net', 'abuse@strato.de', 'Schiavano123@icloud.com', 'hostmaster@cronon-isp.net']",Yes,No,No,No,No,No,No,No,No,No,No
http://www.Younsi.Net,avaliable,"['abuse@support.gandi.net', '8a92282a79bda96a9742e654d9bd4d6e-4467977@contact.gandi.net', 'e040bb0282b563d7aabbbd5232106a4c-859075@contact.gandi.net', 'infos@veone.net']",Yes,No,No,No,No,No,No,No,No,No,No
http://www.Youpidou.Com,avaliable,"['abuse@NameBright.com', 'domains@hugedomains.com']",No,No,No,No,Yes,Yes,No,No,No,No,No
http://www.Youpinexpress.Com,avaliable,compliance@domain-inc.net,No,No,No,No,Yes,Yes,No,No,No,No,No
http://www.Youpromoter.Com,avaliable,Nothing,No,No,No,No,Yes,Yes,No,No,No,No,No
http://www.Your-Crossoverauto.Live,avaliable,Nothing,No,No,No,No,No,No,No,No,No,No,No
http://www.Your-Crossovercars.Live,avaliable,Nothing,No,No,No,No,No,No,No,No,No,No,No
http://www.Your-Crossovercars.Sale,avaliable,Nothing,No,No,No,No,No,No,No,No,No,No,No
http://www.Your-Filehosting.Com,avaliable,Nothing,No,No,No,No,No,No,No,No,No,No,No
http://www.Your-Loft.Ru,avaliable,Nothing,No,No,No,No,No,No,No,No,No,No,No
http://www.Your-Mindset.Com,avaliable,Nothing,No,No,No,No,No,No,No,No,No,No,Yes
http://www.Your-Pest-Control.Com,avaliable,"['abuse@namesilo.com', 'pw-43cb6e381cc129a52d32c6e8de458819@privacyguardian.org']",No,No,No,No,No,No,No,No,No,No,No
http://www.Your-Test-Drive.Com,avaliable,"['support@domainbox.com', 'info@ropto.com', 'services@123-reg.co.uk']",No,No,No,No,No,No,No,No,No,No,No
http://www.Your2Scents.Com,avaliable,"['abuse@NameBright.com', 'domains@hugedomains.com']",No,No,No,No,Yes,Yes,No,No,No,No,No
http://www.Your2Weekdietplan.Com,avaliable,"['PFYGFYTF@WHOISPRIVACYPROTECT.COM', 'abuse@enom.com']",No,No,No,No,Yes,Yes,No,No,No,No,No
http://www.Yourabs.Org,avaliable,"['abuse@gmo.jp', 'onamae@value-domain.com']",Yes,Yes,No,No,No,No,No,No,No,No,No
http://www.Youraddictionstories.Com,avaliable,"['abuse@name.com', 'youraddictionstories.com@protecteddomainservices.com']",No,No,No,No,Yes,Yes,No,No,No,No,No
http://www.Youradviser.Review,avaliable,Nothing,No,Yes,No,Yes,No,No,No,No,No,Yes,No
http://www.Yourapparelsindia.Com,avaliable,"['domains@tradeindia.com', 'yourapparels1510@gmail.com']",Yes,No,No,No,No,No,No,No,No,No,No
http://www.Yourbeautycapsule.Com,avaliable,"['abuse@1and1.com', 'elleebanacaribbean@gmail.com', 'hostmaster@1and1.com']",Yes,No,No,No,No,No,No,No,No,No,No
http://www.Yourbestfriendsclosetwhiteoak.Com,avaliable,abuse@web.com,No,No,No,No,No,No,No,No,No,No,No
http://www.Yourbigdamdentist.Com,avaliable,"['abuse@name.com', 'yourbigdamdentist.com@protecteddomainservices.com']",No,No,No,No,No,No,No,No,No,No,No
http://www.Yourcarpetcleaner.Co.Uk,avaliable,Nothing,No,No,No,No,Yes,Yes,No,No,No,No,No
http://www.Yourcbdsuperstore.Com,avaliable,Nothing,No,No,No,No,No,No,No,No,No,No,No
http://www.Yourchoicetshirts.Biz,avaliable,Nothing,No,No,No,No,No,No,No,No,No,No,No
http://www.Yourcomputer.Store,avaliable,Nothing,No,No,No,No,No,No,No,No,No,No,No
http://www.Yourcourt.Online,avaliable,Nothing,No,No,No,No,Yes,Yes,No,No,No,No,No
http://www.Yourdailydoseofhealth.Com,avaliable,"['abuse@NameBright.com', 'pub144@hotmail.com']",No,No,No,No,Yes,Yes,No,No,No,No,No
http://www.Yourdentalrecruiter.Com,avaliable,"['support@domainbox.com', 'yourdentalrecruiter.com@identity-protect.org']",No,No,No,No,No,No,No,No,No,No,No
http://www.Yourelectronicstore.Info,avaliable,"['abuse@namecheap.com', 'a5ba88ac6f6e46a687064ad8e7115dbf.protect@whoisguard.com']",Yes,Yes,No,Yes,No,No,No,No,Yes,No,Yes
http://www.Youreliteexposure.Com,avaliable,"['compliance@domain-inc.net', 'youreliteexposure.com@domainprivacygroup.com', 'support@fatcow.com']",Yes,No,No,No,No,No,No,No,No,No,No
http://www.Youreveretthome.Com,avaliable,"['RWATSON@JOHNLSCOTT.COM', 'abuse@enom.com']",No,No,No,No,No,No,No,No,No,Yes,No
http://www.Youreyesinthesky.Com,avaliable,"['abuse@NameBright.com', 'domains@hugedomains.com']",No,No,No,No,Yes,Yes,No,No,No,No,No
http://www.Yourfashiontherapy.Com,avaliable,Nothing,No,No,No,No,No,No,No,Yes,No,Yes,No
http://www.Yourfavoriteld.Com,avaliable,"['support@domainbox.com', 'yourfavoriteld.com@identity-protect.org']",Yes,No,No,No,No,No,No,No,No,No,No
http://www.Yourflightdeals.Com,avaliable,"['abuse@namecheap.com', '1844c5bd93444b3a9d7eab4c4f00e3d2.protect@whoisguard.com']",Yes,No,No,No,No,No,No,No,No,No,No
http://www.Yourfuture.Digital,avaliable,"['abuse-contact@publicdomainregistry.com', 'info@redehost.com.br']",No,No,No,No,Yes,Yes,No,No,No,No,No
http://www.Yourfuturebuilder.Com,avaliable,"['PRICELESSNET@GMAIL.COM', 'TECHSUPPORT@LEADSYSTEMADMIN.COM', 'abuse@enom.com']",No,No,No,No,Yes,Yes,No,No,No,No,No
http://www.Yourfutureforetold.Com,avaliable,"['abuse@namecheap.com', 'fc6faf4bade14f10a9c231ecf1a7b6ea.protect@whoisguard.com']",Yes,No,No,No,No,No,No,No,No,Yes,No
http://www.Yourhairgrowthformen.Site,avaliable,Nothing,Yes,No,No,No,No,No,No,No,No,No,No
http://www.Yourhandset.Com,avaliable,"['abuse@namecheap.com', 'd2fca407b9894c7dac6f71436a1ad101.protect@whoisguard.com']",No,No,No,No,No,No,No,No,No,No,No
http://www.Yourhcihub.Com,avaliable,"['abuse@blacknight.com', 'yourhcihub.com@whoisprivacy.ie']",Yes,Yes,No,Yes,No,No,No,No,No,No,No
http://www.Yourhealthandsafety.Org,avaliable,"['abuse@godaddy.com', 'adam.taylor@jhsmiami.org']",No,No,No,No,Yes,Yes,No,No,No,No,No
http://www.Yourhealthnation.Com,avaliable,"['abuse@namecheap.com', '88b1baa5ffe74362b772f64219951e5d.protect@whoisguard.com']",Yes,Yes,No,Yes,No,No,No,No,No,No,No
http://www.Yourhealthplan.Net,avaliable,Nothing,No,No,No,No,No,No,No,No,No,No,No
http://www.Yourhealthy-Way.Info,avaliable,"['abuse@namecheap.com', '892efb6075c54c2e862588717855695f.protect@whoisguard.com']",No,No,No,No,No,No,No,No,No,No,No
http://www.Yourhighness-Styling.Com,avaliable,"['abuse@ascio.com', 'valerie.wicke@hotmail.com', 'activation@combell.com']",No,No,No,No,No,No,No,No,No,No,No
http://www.Yourhomeiswhereyourehappy.Com,avaliable,abuse@web.com,No,No,No,No,No,No,No,No,No,No,No
http://www.Yourlifeyourstyles.Com,avaliable,Nothing,No,No,No,No,No,No,No,Yes,No,No,No
http://www.Yourlimelight.Photography,avaliable,"['abuse@godaddy.com', 'nextevent@aol.com']",No,Yes,No,No,No,No,No,No,No,Yes,No
http://www.Yourlivetrainers.Com,avaliable,Nothing,No,Yes,No,Yes,No,No,No,No,No,No,No
http://www.Yourlocalbusinessonline.Com,avaliable,"['registrar-abuse@google.com', 'xtz27fh0vhgy@contactprivacy.email']",No,Yes,Yes,Yes,No,No,No,No,No,Yes,No
http://www.Yourlossfishing.Com,avaliable,"['abuse@web.com', 'dnsadmin@web.com']",No,Yes,No,No,No,No,No,No,No,No,No
http://www.Yourlovematters.Online,avaliable,Nothing,No,No,No,No,No,No,No,No,No,No,No
http://www.Yourmag.Wales,avaliable,"['abuse@godaddy.com', 'leon.ponty@hotmail.co.uk']",No,No,No,No,Yes,Yes,No,No,No,No,No
http://www.Yourmanliness.Loan,avaliable,Nothing,Yes,Yes,No,No,No,No,No,No,No,No,No
http://www.Yourmassrealtor.Com,avaliable,"['DOMAINNAMES@EPROPERTYMAIL.COM', 'GREG.MAZUREK@YAHOO.COM', 'abuse@enom.com']",Yes,Yes,No,No,No,No,No,No,No,Yes,No
http://www.Yourmissinghalf.Com,avaliable,"['abuse@namecheap.com', '61aecf0b4f824b2f92829f361404aee3.protect@whoisguard.com']",No,No,No,No,No,No,No,No,No,No,No
http://www.Yourmix.Store,avaliable,Nothing,No,No,No,No,No,No,No,No,No,No,No
http://www.Yourmomsfavoritecs.Com,avaliable,"['registrar-abuse@google.com', 'zrelluzlph5b@contactprivacy.email']",No,No,No,No,No,No,No,No,No,No,No
http://www.Yourmoviechannel.Com,avaliable,"['abuse@NameBright.com', 'pub144@hotmail.com']",No,No,No,No,Yes,Yes,No,No,No,No,No
http://www.Yournationalworldofrealestate.Com,avaliable,"['DOMAINSUPPORT@REALEFLOW.COM', 'abuse@enom.com']",No,No,No,No,No,No,No,No,No,No,No
http://www.Yournextdeals.Com,avaliable,"['abuse@namecheap.com', 'd6ba90ae3e80432fb8517cfc094d7183.protect@whoisguard.com']",No,No,No,No,No,No,No,Yes,No,No,No
http://www.Yournextdeals.Net,avaliable,"['abuse@namecheap.com', '56287839a6c244e8b5ece7b7754a5b4c.protect@whoisguard.com']",No,No,No,No,No,No,No,No,No,No,No
http://www.Yourperfectgear.Com,avaliable,"['abuse@registrygate.com', 'thilo.rohrhirsch@gmail.com', 'hostmaster@all-inkl.com']",Yes,No,No,No,No,No,No,No,No,No,No
http://www.Yourperfecttoy.Com,avaliable,"['abuse@registrygate.com', 'thilo.rohrhirsch@gmail.com', 'hostmaster@all-inkl.com']",Yes,No,No,No,No,No,No,No,No,No,No
http://www.Yourporno.Net,avaliable,abuse@web.com,Yes,Yes,No,No,No,No,No,No,No,No,No
http://www.Yourrecodecoach.Coach,avaliable,Nothing,No,No,No,No,Yes,Yes,No,No,No,No,No
http://www.Yourrecodecoach.Info,avaliable,"['abuse@godaddy.com', 'yourrecodecoach.info@domainsbyproxy.com']",No,No,No,No,Yes,Yes,No,No,No,No,No
http://www.Yourrecodecoach.Org,avaliable,"['abuse@godaddy.com', 'yourrecodecoach.org@domainsbyproxy.com']",No,No,No,No,Yes,Yes,No,No,No,No,No
http://www.Yourrefuge.Church,avaliable,Nothing,No,No,No,No,Yes,Yes,No,No,No,No,No
http://www.Yourreputationmanager.Com,avaliable,"['abuse-contact@publicdomainregistry.com', 'mishraprashant009@gmail.com']",No,Yes,No,Yes,No,No,No,No,No,Yes,No
http://www.Yourreviewsource.Com,avaliable,"['abuse-contact@publicdomainregistry.com', 'scott_lw@me.com']",No,No,No,No,No,No,No,No,No,No,No
http://www.Yoursandmine.Ltd,avaliable,Nothing,Yes,No,No,No,No,No,No,No,No,No,No
http://www.Yourscup.Com,avaliable,abuse@godaddy.com,Yes,Yes,Yes,Yes,No,No,No,No,No,Yes,No
http://www.Yoursgames.Com,avaliable,"['abuse@NameBright.com', 'domains@hugedomains.com']",No,No,No,No,Yes,Yes,No,No,No,No,No
http://www.Yourshreddedlife.Com,avaliable,"['abuse@namecheap.com', '9557826a104740f2b43112c4cab18865.protect@whoisguard.com']",Yes,Yes,No,Yes,No,No,No,No,No,Yes,No
http://www.Yoursinmurder.Net,avaliable,"['compliance@domain-inc.net', 'yoursinmurder.net@domainprivacygroup.com', 'support@ipage-inc.com']",Yes,No,No,No,No,No,No,No,No,No,No
http://www.Yourskineatstoo.Com,avaliable,"['abuse@hosting.kr', 'help@hosting.kr', 'smgoo3217@gmail.com']",Yes,Yes,No,No,No,No,No,No,No,Yes,No
http://www.Yoursmallbusinessdoctor.Com,avaliable,abuse@web.com,No,No,No,No,No,No,No,No,No,No,No
http://www.Yoursoindian.Com,avaliable,"['support@domainbox.com', 'ssb108@hotmail.com', 'services@123-reg.co.uk']",No,No,No,No,No,No,No,No,No,No,No
http://www.Yourspainweekend.Net,avaliable,abuse@scip.es,No,Yes,No,Yes,No,No,No,No,No,Yes,No
http://www.Yourupalnights.Com,avaliable,"['ANTHONYJCNIELAND@GMAIL.COM', 'abuse@enom.com']",No,Yes,No,Yes,No,No,No,No,No,No,No
http://www.Yourvanityavenue.Com,avaliable,"['abuse@namecheap.com', '41ccf2be9fbb4585a4b935095b58f904.protect@whoisguard.com']",No,No,No,No,No,No,No,Yes,No,No,No
http://www.Yourviralvideos.Site,avaliable,Nothing,Yes,Yes,No,Yes,No,No,No,No,No,Yes,Yes
http://www.Yourvitaminstore.Online,avaliable,Nothing,No,No,No,No,No,No,No,Yes,No,No,No
http://www.Yourvoiceismyvoice.Com,avaliable,"['abuse@in2net.com', 'yourvoiceismyvoice.com@RegistrantPrivacy.com']",Yes,Yes,No,Yes,No,No,No,No,No,No,No
http://www.Yourwaterurlife.Com,avaliable,"['abuse@namecheap.com', '49dbd33a8d9c40d0bda87b7d08e7fcad.protect@whoisguard.com']",No,No,No,No,No,No,No,No,No,No,No
http://www.Yourwaytosuccess.Biz,avaliable,Nothing,No,No,No,No,No,No,No,No,No,No,No
http://www.Youryouthfulfacenow.Com,avaliable,"['abuse@namecheap.com', '5a71bd7b376949a78cfd8bb3efc46b11.protect@whoisguard.com']",Yes,Yes,No,Yes,No,No,No,No,No,Yes,No
http://www.Yousoarshine.Com,avaliable,"['abuse@support.gandi.net', '57f8e5dbb28e17d7d204e5adf3b15bc9-6604301@contact.gandi.net']",No,No,No,No,No,No,No,No,No,No,No
http://www.Yousyous.Com,avaliable,"['supervision@xinnet.com', 'leo9276732199@gmail.com']",No,Yes,No,No,No,No,No,No,No,No,No
http://www.Youtansudaili.Com,avaliable,westabuse@gmail.com,No,No,No,No,No,No,No,No,No,No,No
http://www.Youtengchina.Com,avaliable,"['abuse@NameBright.com', 'markkubanyx@163.com']",No,Yes,No,No,Yes,Yes,No,No,No,No,No
http://www.Youthacts.Net,avaliable,Nothing,No,No,No,No,Yes,Yes,No,No,No,No,No
http://www.Youthandbeautyhayley.Com,avaliable,Nothing,No,No,No,No,No,No,No,No,No,No,No
http://www.Youthcheerleaders.Com,avaliable,"['abuse@NameBright.com', 'domains@hugedomains.com']",No,No,No,No,Yes,Yes,No,No,No,No,No
http://www.Youthiedigital.Com,avaliable,abuse-contact@publicdomainregistry.com,No,Yes,No,No,No,No,No,No,No,No,No
http://www.Youthleadnigeria.Org,avaliable,"['abuse@godaddy.com', 'okiigbekele@yahoo.com']",No,No,No,No,Yes,Yes,No,No,No,No,No
http://www.Youthleannaturalreaction.Com,avaliable,"['abuse@namecheap.com', '57dac2f5061e46aaae871bccc9a2ebaa.protect@whoisguard.com']",Yes,Yes,No,No,No,No,No,No,No,No,No
http://www.Youthonlines.Com,avaliable,abuse@web.com,Yes,No,No,No,No,No,No,No,No,No,No
http://www.Youthsleuths.Com,avaliable,"['abuse@NameBright.com', 'domains@hugedomains.com']",No,No,No,No,Yes,Yes,No,No,No,No,No
http://www.Youtube-Mp3-Convert.Com,avaliable,"['contact@privacyprotect.org', 'abuse@ilovewww.com']",Yes,Yes,No,No,No,No,No,No,No,Yes,No
http://www.Youtube-Mp3-Download.Net,avaliable,"['contact@privacyprotect.org', 'abuse@ilovewww.com']",Yes,Yes,No,No,No,No,No,No,No,Yes,No
http://www.Youtubemadesimple.Com,avaliable,Nothing,No,No,No,No,No,No,No,No,No,No,No
http://www.Youtubeunblocks.Com,avaliable,"['abuse@namecheap.com', 'd56c601b4d84481ca371fb0c11776443.protect@whoisguard.com']",Yes,No,No,No,No,No,No,No,No,No,No
http://www.Youwoodworking.Download,avaliable,Nothing,No,Yes,No,Yes,No,No,No,No,No,No,No
http://www.Youwouldnt.Download,avaliable,Nothing,No,No,No,No,No,No,No,No,No,No,No
http://www.Youxi188Ka.Com,avaliable,compliance@domain-inc.net,No,No,No,No,Yes,Yes,No,No,No,No,No
http://www.Youxiangyy.Com,avaliable,"['abuse@55hl.com', '2489970763@qq.com']",No,Yes,No,No,Yes,Yes,No,No,No,No,No
http://www.Youxiczr819.Com,avaliable,compliance@domain-inc.net,No,No,No,No,Yes,Yes,No,No,No,No,No
http://www.Youxiczt891.Com,avaliable,compliance@domain-inc.net,No,Yes,No,No,Yes,Yes,No,No,No,No,No
http://www.Youyimeng.Com,avaliable,"['abuse@bizcn.com', 'whoisprivacyprotect@whoisservices.cn']",No,Yes,No,No,No,No,No,No,No,No,No
http://www.Youyuenplatformrevolution.Com,avaliable,"['abuse@namecheap.com', '2c87794520dc4e1c88ce7730927d5bd4.protect@whoisguard.com']",Yes,Yes,No,No,No,No,No,No,No,No,No
http://www.Yoview.Com,avaliable,"['abuse@NameBright.com', 'domains@hugedomains.com']",No,No,No,No,Yes,Yes,No,No,No,No,No
http://www.Yoyeur-Cam-Live.Com,avaliable,Nothing,Yes,Yes,No,No,No,No,No,No,No,Yes,No
http://www.Yozgatturkogluvinc.Com,avaliable,abuse@domaintime.biz,Yes,No,No,No,No,No,No,No,No,Yes,No
http://www.Ypersyntelikos.Com,avaliable,"['abuse@bookmyname.com', 'abuse_2017+ypersyntelikos.com_176.27.166.89@bookmyname.com', 'fabien.svarnas@gmail.com', 'hostmaster@online.net']",No,No,No,No,No,No,No,No,No,No,No
http://www.Ypobigapplegold.Org,avaliable,"['abuse@godaddy.com', 'ypobigapplegold.org@domainsbyproxy.com']",No,No,No,No,Yes,Yes,No,No,No,No,No
http://www.Ypsilantibestbuy.Com,avaliable,"['abuse@namecheap.com', 'ecommercequalityads@gmail.com']",No,No,No,No,Yes,Yes,No,No,No,No,No
http://www.Ypsilantitravels.Com,avaliable,"['abuse@namecheap.com', 'ecommercequalityads@gmail.com']",No,No,No,No,No,No,No,No,No,No,No
http://www.Yqjevy.Download,avaliable,Nothing,No,No,No,No,Yes,Yes,No,No,No,No,No
http://www.Yqjhdq.Com,avaliable,"['abuse@1api.net', 'sulonglong725@gmail.com']",No,No,No,No,Yes,Yes,No,No,No,No,No
http://www.Yqjigf.Download,avaliable,Nothing,No,No,No,No,Yes,Yes,No,No,No,No,No
http://www.Yqpamg.Download,avaliable,Nothing,No,No,No,No,Yes,Yes,No,No,No,No,No
http://www.Yqsjchina.Com,avaliable,"['abuse@bizcn.com', '787280000@qq.com']",No,No,No,No,No,No,No,No,No,No,Yes
http://www.Yra.Media,avaliable,"['abuse@godaddy.com', 'richbastardsbuyanything@gmail.com']",No,No,No,No,Yes,Yes,No,No,No,No,No
http://www.Yrjhy.Com,avaliable,"['abuse@NameBright.com', 'gwp708088@gmail.com']",No,Yes,No,No,No,No,No,No,No,No,No
http://www.Yrmail6.Com,avaliable,"['abuse@namecheap.com', '067cf471fefd4021b32d7a47cdb3ac01.protect@whoisguard.com']",Yes,No,No,No,No,No,No,No,No,No,No
http://www.Yrmhb.Com,avaliable,westabuse@gmail.com,No,Yes,No,No,No,No,No,No,No,No,No
http://www.Yryz.Org,avaliable,webqqw008@gmail.com,No,No,No,No,Yes,Yes,No,No,No,No,No
http://www.Ys-Steelball.Com,avaliable,"['LYYISHENG@158.NET', 'abuse@enom.com']",No,No,No,No,No,No,No,No,No,No,No
http://www.Ysdservice1.Com,avaliable,"['supervision@xinnet.com', 'shandongwscm@163.com']",No,No,No,No,Yes,Yes,No,No,No,No,No
http://www.Ysee.Online,avaliable,Nothing,No,No,No,No,No,No,No,No,No,No,No
http://www.Ysgr-D.Com,avaliable,"['abuse@gmo.jp', 'proxy@whoisprotectservice.com']",No,No,No,No,No,No,No,No,No,No,Yes
http://www.Ysht-Psycho.Com,avaliable,"['abuse@gmo.jp', 'proxy@whoisprotectservice.com']",No,Yes,No,Yes,No,No,No,No,No,Yes,Yes
http://www.Yshu55.Com,avaliable,"['supervision@xinnet.com', 'webym2015@163.com']",No,No,No,No,No,No,No,No,No,No,No
http://www.Ysjlchem.Com,avaliable,"['abuse@bizcn.com', 'domain@21food.cn']",No,No,No,No,No,No,No,No,No,No,No
http://www.Ysldwz.Com,avaliable,"['abuse@NameBright.com', 'sakurek3634932@gmail.com']",No,Yes,No,No,No,No,No,No,No,No,No
http://www.Yslwallet.Com,avaliable,tld@cndns.com,Yes,No,No,No,No,No,No,No,No,No,No
http://www.Ysm111.Com,avaliable,westabuse@gmail.com,No,No,No,No,No,No,No,No,No,No,No
http://www.Ysnemlak.Com,avaliable,Nothing,Yes,Yes,No,No,No,No,No,No,No,No,No
http://www.Yspengda.Com,avaliable,Nothing,No,No,No,No,No,No,No,No,No,No,No
http://www.Yswang1R.Info,avaliable,kingsley78098@gmail.com,No,No,No,No,Yes,Yes,No,No,No,No,No
http://www.Yswl88888.Com,avaliable,"['tld@cndns.com', 'domain@cndns.com', '479815282@qq.com']",No,Yes,No,No,No,No,No,No,No,No,No
http://www.Ytcjjx.Com,avaliable,"['supervision@xinnet.com', '1092665631@qq.com']",Yes,Yes,No,No,Yes,No,No,No,No,No,No
http://www.Ytdgqd.Com,avaliable,"['abuse@NameBright.com', '787280000@qq.com']",No,No,No,No,No,No,No,No,No,No,Yes
http://www.Ythengxu.Com,avaliable,"['DomainAbuse@service.aliyun.com', 'YuMing@YinSiBaoHu.AliYun.com']",No,Yes,No,No,Yes,Yes,No,No,No,No,No
http://www.Ytkosda.Com,avaliable,"['abuse@bizcn.com', 'hf8661789@163.com']",No,No,No,No,No,No,No,No,No,No,No
http://www.Ytmuhendislik.Com,avaliable,abuse@domaintime.biz,No,Yes,No,No,No,No,No,No,No,Yes,No
http://www.Ytqygg.Com,avaliable,"['abuse@NameBright.com', 'fjuyuoiu@163.com']",No,Yes,No,No,No,No,No,No,No,No,No
http://www.Ytvideosworld.Com,avaliable,"['abuse@onlinenic.com', 'onlinenic-enduser@onlinenic.com', 'toplinks8@gmail.com']",Yes,Yes,No,No,No,No,No,No,No,Yes,Yes
http://www.Ytyltz.Com,avaliable,abuse@web.com,No,Yes,No,No,No,No,No,No,No,No,No
http://www.Yu-Fei-Sun.Com,avaliable,Nothing,No,No,No,No,No,No,No,No,No,No,No
http://www.Yu-Kikensetsu.Com,avaliable,"['INFO@PRESINET.NE.JP', 'abuse@enom.com']",Yes,Yes,No,Yes,No,No,No,No,No,No,No
http://www.Yu939.Com,avaliable,abuse@hkdns.hk,No,No,No,No,No,No,No,No,No,No,No
http://www.Yuananchem.Com,avaliable,"['supervision@xinnet.com', 'm13063074323@163.com']",No,No,No,No,Yes,Yes,No,No,No,No,No
http://www.Yuanguanpaoguangji.Com,avaliable,abuse@web.com,No,Yes,No,No,No,No,No,No,No,No,No
http://www.Yuanmeng-Ex.Com,avaliable,"['DomainAbuse@service.aliyun.com', 'YuMing@YinSiBaoHu.AliYun.com']",Yes,No,No,No,No,No,No,No,No,No,No
http://www.Yuanmouxian.Com,avaliable,"['supervision@xinnet.com', 'harymgl2016@sina.com']",No,No,No,No,No,No,No,No,No,No,No
http://www.Yuanpuchina.Com,avaliable,westabuse@gmail.com,No,Yes,No,No,Yes,Yes,No,No,No,No,No
http://www.Yuanyangguojiyule.Com,avaliable,"['abuse@bizcn.com', '13916250823@163.com']",No,No,No,No,No,No,No,No,No,No,No
http://www.Yuanyuanshipin.Com,avaliable,"['supervision@xinnet.com', 'rossma@aliyun.com']",No,No,No,No,No,No,No,No,No,No,No
http://www.Yuanzhuipo.Org,avaliable,"['abuse@gmo.jp', 'pyddq601@ybb.ne.jp']",Yes,No,No,No,No,No,No,No,No,No,No
http://www.Yuchengauto.Com,avaliable,"['abuse@bizcn.com', 'jkings02@sina.com']",No,No,No,No,No,No,No,No,No,No,No
http://www.Yuchuna.Com,avaliable,"['abuse@bizcn.com', '68048562@qq.com']",No,Yes,No,No,Yes,Yes,No,No,No,No,No
http://www.Yudakeji.Com,avaliable,"['DomainAbuse@service.aliyun.com', '1673730@qq.com']",No,No,No,No,No,No,No,No,No,No,No
http://www.Yudhaalfian.Com,avaliable,abuse-contact@publicdomainregistry.com,Yes,Yes,No,Yes,No,No,No,No,No,No,No
http://www.Yuebi.Org,avaliable,"['abuse@godaddy.com', 'jackiewanwp@126.com']",No,No,No,No,Yes,Yes,No,No,No,No,No
http://www.Yuebing01.Com,avaliable,"['abuse@NameBright.com', 'libai8181@gmail.com']",No,Yes,No,No,No,No,No,No,No,No,No
http://www.Yueguangpu88.Com,avaliable,westabuse@gmail.com,Yes,Yes,No,No,No,No,No,No,No,No,No
http://www.Yueketao.Com,avaliable,"['DomainAbuse@service.aliyun.com', 'YuMing@YinSiBaoHu.AliYun.com']",No,Yes,No,No,No,No,No,No,No,No,No
http://www.Yuengling.Org,avaliable,"['abuse@godaddy.com', '15880035524@qq.com']",No,No,No,No,Yes,Yes,No,No,No,No,No
http://www.Yuenglingfoundation.Org,avaliable,"['abuse@godaddy.com', '15880035524@qq.com']",No,No,No,No,Yes,Yes,No,No,No,No,No
http://www.Yuepavilion.Com,avaliable,"['abuse@ascio.com', '0421wyx@gmail.com', 'domains@simplesite.com']",No,No,No,No,Yes,Yes,No,No,No,No,No
http://www.Yuezhentong.Com,avaliable,"['abuse@bizcn.com', 'whoisprivacyprotect@whoisservices.cn']",No,Yes,No,No,No,No,No,No,No,No,No
http://www.Yufengfun.Com,avaliable,"['supervision@xinnet.com', '389699866@QQ.COM']",No,Yes,No,No,No,No,No,No,No,No,No
http://www.Yugamigenki.Com,avaliable,"['abuse@gmo.jp', 'proxy@whoisprotectservice.com']",No,No,No,No,No,No,No,No,No,No,Yes
http://www.Yugongbu-Moni.Com,avaliable,"['supervision@xinnet.com', '1024681790@qq.com']",No,Yes,No,No,Yes,Yes,No,No,No,No,No
http://www.Yui-Enterprise.Biz,avaliable,Nothing,Yes,Yes,No,No,No,No,No,No,No,No,No
http://www.Yuiopl.Com,avaliable,"['DomainAbuse@service.aliyun.com', 'YuMing@YinSiBaoHu.AliYun.com']",Yes,No,No,No,No,No,No,No,No,No,No
http://www.Yujia444.Com,avaliable,"['compliance@domain-inc.net', 'leffelvdstuli@hotmail.com', 'domainmanager@maileig.com']",No,No,No,No,Yes,Yes,No,No,No,No,No
http://www.Yujieqichegongsi.Com,avaliable,"['abuse@bizcn.com', 'dns@infoo.com.cn']",No,No,No,No,No,No,No,No,No,No,No
http://www.Yukarikizilcaasm.Com,avaliable,"['abuse@key-systems.net', 'melek.ozdmr@gmail.com']",No,No,No,No,No,No,No,No,No,No,No
http://www.Yukicare.Com,avaliable,abuse@namesilo.com,No,No,No,No,No,No,No,No,No,Yes,No
http://www.Yukiko-Okada.Com,avaliable,"['abuse@gmo.jp', 'proxy@whoisprotectservice.com']",Yes,No,No,No,No,No,No,No,No,No,No
http://www.Yukiko-Okada.Net,avaliable,abuse@gmo.jp,Yes,Yes,No,No,No,No,No,No,No,No,No
http://www.Yukimiz.Site,avaliable,Nothing,Yes,No,No,No,No,No,No,No,No,No,No
http://www.Yukirosene.Design,avaliable,Nothing,No,No,No,No,No,No,No,No,No,No,No
http://www.Yukselenbutik.Com,avaliable,abuse@web.com,No,No,No,No,No,No,No,No,No,No,No
http://www.Yulaoshi.Net,avaliable,"['abuse@bizcn.com', 'whoisprivacyprotect@whoisservices.cn']",Yes,Yes,No,Yes,No,No,No,No,No,Yes,No
http://www.Yuliafemme.Com,avaliable,"['abuse@omnis.com', 'fontanetperu@yahoo.com']",Yes,No,No,No,No,No,No,No,No,No,No
http://www.Yuling88.Com,avaliable,"['supervision@xinnet.com', '383263583@qq.com']",No,No,No,No,Yes,Yes,No,No,No,No,No
http://www.Yumeasyrecipes.Com,avaliable,"['abuse@internet.bs', 'yumeasyrecipes.com-owner-snhj@customers.whoisprivacycorp.com', 'yumeasyrecipes.com-admin-ueam@customers.whoisprivacycorp.com', 'yumeasyrecipes.com-tech-5hvg@customers.whoisprivacycorp.com']",Yes,Yes,No,Yes,No,No,No,No,No,No,No
http://www.Yumenishi.Com,avaliable,"['abuse@gmo.jp', 'sakahira@ad-ve.co.jp']",Yes,No,No,No,No,No,No,No,No,No,No
http://www.Yuminer.Com,avaliable,"['abuse@NameBright.com', 'domains@hugedomains.com']",No,No,No,No,Yes,Yes,No,No,No,No,No
http://www.Yummymummysmbs.Com,avaliable,abuse@web.com,No,No,No,No,No,No,No,No,No,No,No
http://www.Yummyplainville.Com,avaliable,"['abuse@namecheap.com', 'info@menusifu.com']",No,No,No,No,No,No,No,No,No,No,No
http://www.Yumsounds.Com,avaliable,"['abuse@namecheap.com', '242897e268564643a96eaf08e6b5e2b3.protect@whoisguard.com']",No,No,No,No,No,No,No,No,No,No,No
http://www.Yun-Dao.Org,avaliable,bobao88888@gmail.com,No,Yes,No,No,No,No,No,No,No,No,No
http://www.Yun2017Gw.Com,avaliable,"['supervision@xinnet.com', 'tianxiaren1688@gmail.com']",No,Yes,No,No,No,No,No,No,No,No,No
http://www.Yun4088.Com,avaliable,"['supervision@xinnet.com', 'tianxiaren1688@gmail.com']",No,Yes,No,No,No,No,No,No,No,No,No
http://www.Yunbet-4088.Com,avaliable,"['supervision@xinnet.com', 'tianxiaren1688@gmail.com']",No,Yes,No,No,No,No,No,No,No,No,No
http://www.Yunchaojf.Com,avaliable,compliance@domain-inc.net,No,No,No,No,Yes,Yes,No,No,No,No,No
http://www.Yundi2018.Com,avaliable,"['supervision@xinnet.com', 'tianxiaren1688@gmail.com']",No,Yes,No,No,No,No,No,No,No,No,No
http://www.Yunfu-Join.Com,avaliable,"['abuse@bizcn.com', 'whoisprivacyprotect@whoisservices.cn']",No,No,No,No,Yes,Yes,No,No,No,No,No
http://www.Yunhezsgc.Com,avaliable,compliance@domain-inc.net,No,No,No,No,Yes,Yes,No,No,No,No,No
http://www.Yunjiat.Com,avaliable,"['abuse@NameBright.com', 'togalue@gmail.com']",No,Yes,No,No,No,No,No,No,No,No,No
http://www.Yunlaijd.Com,avaliable,abuse@web.com,No,Yes,No,No,No,No,No,No,No,No,No
http://www.Yunusrsc.Org,avaliable,"['abuse@web.com', 'askv7p05augqfbeig3fs9qt1om@domaindiscreet.com']",No,No,No,No,No,No,No,No,No,No,No
http://www.Yunword-Bet.Com,avaliable,"['supervision@xinnet.com', 'tianxiaren1688@gmail.com']",No,Yes,No,No,No,No,No,No,No,No,No
http://www.Yunxinshangcheng.Com,avaliable,compliance@domain-inc.net,No,No,No,No,Yes,Yes,No,No,No,No,No
http://www.Yunxuanzm.Com,avaliable,"['abuse@NameBright.com', 'domains@hugedomains.com']",No,No,No,No,Yes,Yes,No,No,No,No,No
http://www.Yunyouworld.Com,avaliable,abuse@web.com,No,No,No,No,No,No,No,No,No,No,No
http://www.Yunyuemjg.Com,avaliable,"['DomainAbuse@service.aliyun.com', '1578310100@qq.com']",No,No,No,No,No,No,No,No,No,No,No
http://www.Yurenjixie.Com,avaliable,"['abuse@bizcn.com', '1129478607@qq.com']",No,Yes,No,No,No,No,No,No,No,No,No
http://www.Yuripoletto.Com,avaliable,domainabuse@automattic.com,No,Yes,No,Yes,No,No,No,No,No,No,No
http://www.Yurtvakyayinlari.Com,avaliable,abuse-contact@publicdomainregistry.com,No,No,No,No,No,No,No,No,No,No,No
http://www.Yuruyaka-Tankyushin.Com,avaliable,"['abuse@gmo.jp', 'privacy@whoisprivacyprotection.info']",Yes,Yes,No,Yes,No,No,No,No,No,Yes,No
http://www.Yusei-Saiyou.Com,avaliable,"['abuse@gmo.jp', 'privacy@whoisprivacyprotection.info']",Yes,No,No,No,No,No,No,No,No,No,No
http://www.Yusenti.Technology,avaliable,"['abuse@namesilo.com', 'flavio@polombonetworks.com']",No,No,No,No,No,No,No,No,No,No,No
http://www.Yusufmetalinternalsystemitlbogra.Com,avaliable,"['abuse@namecheap.com', 'd6e2c725c75d4804a9dbcb99f05b7cf4.protect@whoisguard.com']",Yes,No,No,No,No,No,No,No,No,No,No
http://www.Yutatanaka.Com,avaliable,"['abuse@gmo.jp', 'yutatanaka@value-domain.com']",Yes,No,No,No,No,No,No,No,No,No,No
http://www.Yutokanke.Com,avaliable,"['abuse@gmo.jp', 'proxy@whoisprotectservice.com']",No,No,No,No,No,No,No,No,No,No,No
http://www.Yuu-Kurumauru.Com,avaliable,"['registrar-abuse@netowl.jp', 'info@xserver.co.jp']",No,Yes,No,Yes,No,No,No,No,No,Yes,No
http://www.Yuu-Machidukuri.Com,avaliable,"['gtld-abuse@jprs.jp', 'nic-staff@sakura.ad.jp']",Yes,Yes,No,Yes,No,No,No,No,No,No,No
http://www.Yuvalbarisrael.Com,avaliable,abuse@web.com,No,No,No,No,No,No,No,No,No,No,No
http://www.Yuxiangzichan.Com,avaliable,"['abuse@22.cn', 'ymf77789@163.com']",No,No,No,No,Yes,Yes,No,No,No,No,No
http://www.Yuxinchen.Com,avaliable,"['abuse@NameBright.com', 'domains@hugedomains.com']",No,No,No,No,Yes,Yes,No,No,No,No,No
http://www.Yuxiquan.Com,avaliable,"['abuse@22.cn', 'ymf77789@163.com']",No,Yes,No,No,Yes,Yes,No,No,No,No,No
http://www.Yuyustudio17.Com,avaliable,"['458222ED83F1AE3C2324@DOMAINS.CARGOCOLLECTIVE.COM', 'abuse@enom.com']",Yes,Yes,No,No,No,No,No,No,No,No,No
http://www.Yuzhny.Live,avaliable,Nothing,No,No,No,No,No,No,No,No,No,No,No
http://www.Yv4Gov77Tz46.Site,avaliable,Nothing,No,No,No,No,No,No,No,No,No,No,No
http://www.Yvettevocals.Com,avaliable,"['abuse@namecheap.com', '7f070bb70d2e4b7da7dd216e3bcc4de6.protect@whoisguard.com']",Yes,No,No,No,No,No,No,No,No,No,No
http://www.Yvtliz9Yt9Ld.Tech,avaliable,"['tenzanchuka_izu110@yahoo.co.jp', 'abuse@gmo.jp']",Yes,Yes,No,No,No,No,No,No,No,No,No
http://www.Yvv.Info,avaliable,"['abuse@namecheap.com', 'domain@aaa.li']",No,No,No,No,No,No,No,No,No,No,No
http://www.Ywaka.Net,avaliable,Nothing,Yes,No,No,No,No,No,No,No,No,No,No
http://www.Ywlxxx.Com,avaliable,DomainAbuse@service.aliyun.com,Yes,No,No,No,No,No,No,No,No,No,No
http://www.Yxhuayuan.Com,avaliable,"['abuse@namesilo.com', 'pw-391822a9e7175bed955ff173b663f7fe@privacyguardian.org']",Yes,Yes,No,No,No,No,No,No,No,Yes,No
http://www.Yxpc365.Com,avaliable,"['supervision@xinnet.com', 'hfg2220171@gmail.com']",No,No,No,No,No,No,No,No,No,Yes,No
http://www.Yxqyws.Com,avaliable,"['DomainAbuse@service.aliyun.com', 'YuMing@YinSiBaoHu.AliYun.com']",No,No,No,No,No,No,No,No,No,No,No
http://www.Yxqzgw.Com,avaliable,"['abuse@NameBright.com', 'indeadw@gmail.com']",No,Yes,No,No,No,No,No,No,No,No,No
http://www.Yxwyh.Org,avaliable,webqqw008@gmail.com,No,No,No,No,Yes,Yes,No,No,No,No,No
http://www.Yydzpme.Com,avaliable,"['abuse@NameBright.com', 'indeadw@gmail.com']",No,Yes,No,No,No,No,No,No,No,No,No
http://www.Yyesc.Com,avaliable,"['abuse@NameBright.com', 'domain@jinmail.com']",No,No,No,No,No,No,No,No,No,No,No
http://www.Yygjcn.Info,avaliable,"['abuse@godaddy.com', '2230570303@qq.com']",No,No,No,No,Yes,Yes,No,No,No,No,No
http://www.Yygjcn.Org,avaliable,"['abuse@godaddy.com', '2230570303@qq.com']",No,No,No,No,Yes,Yes,No,No,No,No,No
http://www.Yyhysd.Com,avaliable,"['DomainAbuse@service.aliyun.com', 'YuMing@YinSiBaoHu.AliYun.com']",No,No,No,No,Yes,Yes,No,No,No,No,No
http://www.Yyjppw.Com,avaliable,"['DomainAbuse@service.aliyun.com', 'chazhan88@163.com']",No,Yes,No,No,Yes,Yes,No,No,No,No,No
http://www.Yykinoko.Com,avaliable,"['abuse@gmo.jp', 'privacy@whoisprivacyprotection.info']",Yes,No,No,No,No,No,No,No,No,No,No
http://www.Yymth.Net,avaliable,"['abuse@NameBright.com', 'cfwwx2@126.com']",No,No,No,No,Yes,Yes,No,No,No,No,No
http://www.Yyntsh.Com,avaliable,"['abuse@internet.bs', 'yyntsh.com-owner-2l30@customers.whoisprivacycorp.com', 'yyntsh.com-admin-bunf@customers.whoisprivacycorp.com', 'yyntsh.com-tech-fdo2@customers.whoisprivacycorp.com']",Yes,No,No,No,No,No,No,No,No,Yes,No
http://www.Yyuanzun.Com,avaliable,"['supervision@xinnet.com', 'whoisprotect@dnspod.com']",No,Yes,No,Yes,No,No,No,No,No,No,No
http://www.Yyyy2138.Com,avaliable,"['abuse@onlinenic.com', 'onlinenic-enduser@onlinenic.com', '2447583301@qq.com']",No,Yes,No,No,Yes,Yes,No,No,No,No,No
http://www.Yyzns.Com,avaliable,"['abuse@bizcn.com', '1332186520@qq.com']",No,No,No,No,No,No,No,No,No,No,No
http://www.Yz-Feiyu.Com,avaliable,"['abuse@NameBright.com', 'togalue@gmail.com']",No,Yes,No,No,No,No,No,No,No,No,No
http://www.Yzbbilisim.Com,avaliable,abuse@domaintime.biz,No,No,No,No,Yes,Yes,No,No,No,No,No
http://www.Yzcspa.Com,avaliable,"['DomainAbuse@service.aliyun.com', 'YuMing@YinSiBaoHu.AliYun.com']",No,No,No,No,No,No,No,No,No,No,No
http://www.Yzjyjg.Com,avaliable,"['DomainAbuse@service.aliyun.com', 'YuMing@YinSiBaoHu.AliYun.com']",No,No,No,No,No,No,No,No,No,No,No
http://www.Yzkbeijing.Com,avaliable,abuse-contact@publicdomainregistry.com,Yes,Yes,No,No,No,No,No,No,No,No,No
http://www.Yzkstcl.Com,avaliable,"['supervision@xinnet.com', '382265502@qq.com']",No,Yes,No,No,No,No,No,No,No,No,No
http://www.Yzsbjly.Com,avaliable,"['abuse@NameBright.com', 'qwerzxcvb456789@gmail.com']",No,Yes,No,No,No,No,No,No,No,No,No
http://www.Yzshaoping.Com,avaliable,"['supervision@xinnet.com', '3422926751@qq.com']",No,Yes,No,No,No,No,No,No,No,No,No
http://www.Yzsiweike.Com,avaliable,"['abuse@dynadot.com', 'thinkpadesc@163.com']",No,No,No,No,No,No,No,No,No,No,No
http://www.Yzszzbbs.Com,avaliable,"['supervision@xinnet.com', '1342474013@qq.com']",No,Yes,No,No,Yes,Yes,No,No,No,No,No
http://www.Yzzdxl.Com,avaliable,"['abuse@35.cn', 'sxxxgs@cnxin.net']",No,No,No,No,Yes,Yes,No,No,No,No,No
http://www.Yzzfhg.Com,avaliable,"['abuse@onlinenic.com', 'onlinenic-enduser@onlinenic.com', '1324986820@qq.com']",No,No,No,No,Yes,Yes,No,No,No,No,No
